1;"<speech role=""јлена@"" />";;;;;;;;;;;;;;;;
2;"<distinct form=""нуу"">";;;;;;;;;;;;;;;;
3;;Ќу;Ќ”;PART;;;   Ќу  если говорить;у;Ќ;;;;;”;Ќ”;PART;PART
4;</distinct>;;;;;;;;;;;;;;;;
5;;если;≈—Ћ»;CONJ ;;; Ќу  если говорить о травмах;и;л;с;е;;;»;≈—Ћ»;CONJ;CONJ
6;;говорить;√ќ¬ќ–»“№;V ipf - - inf - -;;;Ќу  если говорить о травмах ,;ь;т;и;р;о;в;№;√ќ¬ќ–»“№;V;ipf - - inf - -
7;;о;ќ;PR;;; если говорить о травмах , как-то;о;;;;;;ќ;ќ;PR;PR
8;;травмах;“–ј¬ћј;S f inan loc pl;;;если говорить о травмах , как-то психологических;х;а;м;в;а;р;ј;“–ј¬ћј;S;f inan loc pl
9;;,;,;PUNCT;;;;,;;;;;;,;,;,;,
10;;как-то; ј -“ќ;ADVPRO -;;;о травмах , как-то психологических травм €;о;т;-;к;а;к;ќ; ј -“ќ;ADV;-
11;;психологических;ѕ—»’ќЋќ√»„≈— »…;A - gen pl plen - inan;;;травмах , как-то психологических травм € не;х;и;к;с;е;ч;…;ѕ—»’ќЋќ√»„≈— »…;A;- gen pl plen - -
12;;травм;“–ј¬ћј;S f inan gen pl;;;, как-то психологических травм € не очень;м;в;а;р;т;;ј;“–ј¬ћј;S;f inan gen pl
13;;€;я;SPRO - 1p nom sg;;;как-то психологических травм € не очень помню;€;;;;;;я;я;SPRO;sg 1p - nom
14;;не;Ќ≈;PART;;;психологических травм € не очень помню ,;е;н;;;;;≈;Ќ≈;PART;PART
15;;очень;ќ„≈Ќ№;ADV -;;;травм € не очень помню , но;ь;н;е;ч;о;;№;ќ„≈Ќ№;ADV;-
16;;помню;ѕќћЌ»“№;V ipf praes sg indic - 1p;;;€ не очень помню , но €;ю;н;м;о;п;;№;ѕќћЌ»“№;V;ipf praes sg indic - 1p
17;;,;,;PUNCT;;;;,;;;;;;,;,;,;,
18;;но;Ќќ;CONJ ;;;очень помню , но € помню травмы;о;н;;;;;ќ;Ќќ;CONJ;CONJ
19;;€;я;SPRO - 1p nom sg;;;помню , но € помню травмы физические;€;;;;;;я;я;SPRO;sg 1p - nom
20;;помню;ѕќћЌ»“№;V ipf praes sg indic - 1p;;;, но € помню травмы физические .;ю;н;м;о;п;;№;ѕќћЌ»“№;V;ipf praes sg indic - 1p
21;;травмы;“–ј¬ћј;S f inan acc pl;;;но € помню травмы физические . ;ы;м;в;а;р;т;ј;“–ј¬ћј;S;f inan acc pl
22;;физические;‘»«»„≈— »…;A - acc pl plen - inan;;;€ помню травмы физические .  ќни;е;и;к;с;е;ч;…;‘»«»„≈— »…;A;- nom pl plen - -
23;;.;.;PUNCT;SENT;;помню травмы физические .  ќни все;.;;;;;;.;.;SENT;SENT
24;;;;;;;;;;;;;;;;;
25;;ќни;ќЌ»;SPRO - 3p nom pl;;;физические .  ќни все у мен€;и;н;ќ;;;;»;ќЌ»;SPRO;pl - - nom
26;;все;¬—≈;SPRO - - nom pl;;;.  ќни все у мен€ св€заны;е;с;в;;;;≈;¬—≈;S;- - acc pl
27;;у;”;PR;;; ќни все у мен€ св€заны с;у;;;;;;”;”;PR;PR
28;;мен€;я;SPRO - 1p gen sg;;;ќни все у мен€ св€заны с детством;€;н;е;м;;;я;я;SPRO;sg 1p - acc
29;;св€заны;—¬я«ј“№;V intr pf prtcp pass praet pl brev ;;;все у мен€ св€заны с детством .;ы;н;а;з;€;в;№;—¬я«јЌЌџ…;A;- - pl brev - -
30;;с;—;PR;;;у мен€ св€заны с детством . ;с;;;;;;—;—;PR;PR
31;;детством;ƒ≈“—“¬ќ;S n inan ins sg;;;мен€ св€заны с детством .  Ќу;м;о;в;т;с;т;ќ;ƒ≈“—“¬ќ;S;n inan ins sg
32;;.;.;PUNCT;SENT;;св€заны с детством .  Ќу €;.;;;;;;.;.;SENT;SENT
33;;;;;;;;;;;;;;;;;
34;;Ќу;Ќ”;PART;;;детством .  Ќу € думаю ,;у;Ќ;;;;;”;Ќ”;PART;PART
35;;€;я;SPRO - 1p nom sg;;;.  Ќу € думаю , в;€;;;;;;я;я;SPRO;sg 1p - nom
36;;думаю;ƒ”ћј“№;V ipf praes sg indic -1p;;; Ќу € думаю , в основном;ю;а;м;у;д;;№;ƒ”ћј“№;V;ipf praes sg indic - 1p
37;;,;,;PUNCT;;;;,;;;;;;,;,;,;,
38;;в;¬;PR;;;€ думаю , в основном это также;в;;;;;;¬;¬;PR;PR
39;;основном;ќ—Ќќ¬Ќќ≈;S n inan loc sg;;;думаю , в основном это также св€зано;м;о;н;в;о;н;≈;ќ—Ќќ¬Ќќ…;A;- loc sg plen m -
40;;это;Ё“ќ;SPRO n - nom sg;;;, в основном это также св€зано с;о;т;э;;;;ќ;Ё“ќ;S;n - nom sg
41;;также;“ј ∆≈;ADV -;;;в основном это также св€зано с тем;е;ж;к;а;т;;≈;“ј ∆≈;ADV;-
42;;св€зано;—¬я«ј“№;V intr pf prtcp pass praet sg n;;;основном это также св€зано с тем ,;о;н;а;з;€;в;№;—¬я«јЌЌџ…;A;- - sg brev n -
43;;с;—;PR;;;это также св€зано с тем , что;с;;;;;;—;—;PR;PR
44;;тем;“ќ;SPRO n - ins sg;;;также св€зано с тем , что у;м;е;т;;;;ќ;“ќ;S;n - ins sg
45;;,;,;PUNCT;;;;,;;;;;;,;,;,;,
46;;что;„“ќ;CONJ ;;;с тем , что у нас был;о;т;ч;;;;ќ;„“ќ;CONJ;CONJ
47;;у;”;PR;;;тем , что у нас был огород;у;;;;;;”;”;PR;PR
48;;нас;ћџ;SPRO - 1p gen pl;;;, что у нас был огород ;с;а;н;;;;џ;ћџ;SPRO;pl 1p - loc
49;;был;Ѕџ“№;V ipf praet sg indic m -;;;что у нас был огород  на;л;ы;б;;;;№;Ѕџ“№;V;ipf praet sg indic m -
50;;огород;ќ√ќ–ќƒ;S m inan nom sg;;;у нас был огород  на ;д;о;р;о;г;о;ƒ;ќ√ќ–ќƒ;S;m inan acc sg
51;"<distinct form=""наа"">";;;;;;;;;;;;;;;;
52;;на;Ќј;PART;;;был огород  на  улице ,;а;н;;;;;ј;Ќј;PART;PART
53;</distinct>;;;;;;;;;;;;;;;;
54;;улице;”Ћ»÷ј;S f inan loc sg;;; на  улице , где жили;е;ц;и;л;у;;ј;”Ћ»÷ј;S;f inan loc sg
55;;,;,;PUNCT;;;;,;;;;;;,;,;,;,
56;;где;√ƒ≈;ADVPRO -;;; улице , где жили только мальчики;е;д;г;;;;≈;√ƒ≈;ADV;-
57;;жили;∆»“№;V ipf praet pl indic - -;;;улице , где жили только мальчики .;и;л;и;ж;;;№;∆»“№;V;ipf praet pl indic - -
58;;только;“ќЋ№ ќ;PART;;;, где жили только мальчики . ;о;к;ь;л;о;т;ќ;“ќЋ№ ќ;PART;PART
59;;мальчики;ћјЋ№„» ;S m anim nom pl;;;где жили только мальчики .  “о есть;и;к;и;ч;ь;л; ;ћјЋ№„» ;S;m anim nom pl
60;;.;.;PUNCT;SENT;;жили только мальчики .  “о есть там;.;;;;;;.;.;SENT;SENT
61;;;;;;;;;;;;;;;;;
62;;“о есть;“о есть;CONJ ;;;мальчики .  “о есть там сто€ли дома;ь;т;с;е; ;о;ь;“о есть;ADV;-
63;;там;“јћ;ADVPRO -;;;.  “о есть там сто€ли дома ,;м;а;т;;;;ћ;“јћ;ADV;-
64;;сто€ли;—“ќя“№;V ipf praet pl indic - -;;; “о есть там сто€ли дома , было;и;л;€;о;т;с;№;—“ќя“№;V;ipf praet pl indic - -
65;;дома;ƒќћ;S m inan nom pl;;;“о есть там сто€ли дома , было много;а;м;о;д;;;ћ;ƒќћ;S;m inan acc pl
66;;,;,;PUNCT;;;;,;;;;;;,;,;,;,
67;;было;Ѕџ“№;V ipf praet sg indic n -;;;сто€ли дома , было много семей ,;о;л;ы;б;;;№;Ѕџ“№;V;ipf praet sg indic n -
68;;много;ћЌќ√ќ;NUM -;;;дома , было много семей , но;о;г;о;н;м;;ќ;ћЌќ√ќ;ADV;-
69;;семей;—≈ћ№я;S f inan gen pl;;;, было много семей , но все;й;е;м;е;с;;я;—≈ћ№я;S;f inan gen pl
70;;,;,;PUNCT;;;;,;;;;;;,;,;,;,
71;;но;Ќќ;CONJ ;;;много семей , но все дети были;о;н;;;;;ќ;Ќќ;CONJ;CONJ
72;;все;¬≈—№;APRO - nom pl plen - anim;;;семей , но все дети были исключительно;е;с;в;;;;№;¬≈—№;A;- nom pl plen - -
73;;дети;–≈Ѕ≈Ќќ ;S m anim nom pl;;;, но все дети были исключительно мужского;и;т;е;д;;; ;–≈Ѕ≈Ќќ ;S;m anim nom pl
74;;были;Ѕџ“№;V ipf praet pl indic - -;;;но все дети были исключительно мужского пола;и;л;ы;б;;;№;Ѕџ“№;V;ipf praet pl indic - -
75;;исключительно;»— Ћё„»“≈Ћ№Ќќ;ADV -;;;все дети были исключительно мужского пола и;о;н;ь;л;е;т;ќ;»— Ћё„»“≈Ћ№Ќќ;ADV;-
76;;мужского;ћ”∆— ќ…;A - gen sg plen m inan;;;дети были исключительно мужского пола и €;о;г;о;к;с;ж;…;ћ”∆— ќ…;A;- gen sg plen m -
77;;пола;ѕќЋ;S m inan gen sg;;;были исключительно мужского пола и € была;а;л;о;п;;;Ћ;ѕќЋ;S;m inan gen sg
78;;и;»;CONJ ;;;исключительно мужского пола и € была единственной;и;;;;;;»;»;CONJ;CONJ
79;;€;я;SPRO - 1p nom sg;;;мужского пола и € была единственной девочкой;€;;;;;;я;я;SPRO;sg 1p - nom
80;;была;Ѕџ“№;V ipf praet sg indic f -;;;пола и € была единственной девочкой ,;а;л;ы;б;;;№;Ѕџ“№;V;ipf praet sg indic f -
81;;единственной;≈ƒ»Ќ—“¬≈ЌЌџ…;A - ins sg plen f anim;;;и € была единственной девочкой , и;й;о;н;н;е;в;…;≈ƒ»Ќ—“¬≈ЌЌџ…;A;- ins sg plen f -
82;;девочкой;ƒ≈¬ќ„ ј;S f anim ins sg;;;€ была единственной девочкой , и ;й;о;к;ч;о;в;ј;ƒ≈¬ќ„ ј;S;f anim ins sg
83;;,;,;PUNCT;;;;,;;;;;;,;,;,;
84;"<distinct form=""ии"">";;;;;;;;;;;;;;;;
85;;и;»;CONJ ;;;единственной девочкой , и  волей-неволей мы;и;;;;;;»;»;CONJ;CONJ
86;</distinct>;;;;;;;;;;;;;;;;
87;;волей-неволей;¬ќЋ≈…-Ќ≈¬ќЋ≈…;ADV -;;;, и  волей-неволей мы как-то становились;й;е;л;о;в;е;…;¬ќЋ≈…-Ќ≈¬ќЋ≈…;ADV;-
88;;мы;ћџ;SPRO - 1p nom pl;;;и  волей-неволей мы как-то становились друзь€ми;ы;м;;;;;џ;ћџ;SPRO;pl 1p - nom
89;;как-то; ј -“ќ;ADVPRO -;;; волей-неволей мы как-то становились друзь€ми ,;о;т;-;к;а;к;ќ; ј -“ќ;ADV;-
90;;становились;—“јЌќ¬»“№—я;V ipf praet pl indic - -;;;волей-неволей мы как-то становились друзь€ми , вместе;ь;с;и;л;и;в;я;—“јЌќ¬»“№—я;V;ipf praet pl indic - -
91;;друзь€ми;ƒ–”√;S m anim ins pl;;;мы как-то становились друзь€ми , вместе общались;и;м;€;ь;з;у;√;ƒ–”√;S;m anim ins pl
92;;,;,;PUNCT;;;;,;;;;;;,;,;,;,
93;;вместе;¬ћ≈—“≈;ADV -;;;становились друзь€ми , вместе общались , ходили;е;т;с;е;м;в;≈;¬ћ≈—“≈;ADV;-
94;;общались;ќЅўј“№—я;V ipf praet pl indic - -;;;друзь€ми , вместе общались , ходили ,;ь;с;и;л;а;щ;я;ќЅўј“№—я;V;ipf praet pl indic - -
95;;,;,;PUNCT;;;;,;;;;;;,;,;,;,
96;;ходили;’ќƒ»“№;V ipf praet pl indic - -;;;вместе общались , ходили , занимались одинаковыми;и;л;и;д;о;х;№;’ќƒ»“№;V;ipf praet pl indic - -
97;;,;,;PUNCT;;;;,;;;;;;,;,;,;,
98;;занимались;«јЌ»ћј“№—я;V ipf praet pl indic - -;;;, ходили , занимались одинаковыми вещами ,;ь;с;и;л;а;м;я;«јЌ»ћј“№—я;V;ipf praet pl indic - -
99;;одинаковыми;ќƒ»Ќј ќ¬џ…;A - ins pl plen - inan;;;ходили , занимались одинаковыми вещами , и;и;м;ы;в;о;к;…;ќƒ»Ќј ќ¬џ…;A;- ins pl plen - -
100;;вещами;¬≈ў№;S f inan ins pl;;;, занимались одинаковыми вещами , и так;и;м;а;щ;е;в;№;¬≈ў№;S;f inan ins pl
101;;,;,;PUNCT;;;;,;;;;;;,;,;,;,
102;;и;»;CONJ ;;;одинаковыми вещами , и так € влилась;и;;;;;;»;»;CONJ;CONJ
103;;так;“ј ;ADV -;;;вещами , и так € влилась в;к;а;т;;;; ;“ј ;ADV;-
104;;€;я;SPRO - 1p nom sg;;;, и так € влилась в мужскую;€;;;;;;я;я;SPRO;sg 1p - nom
105;;влилась;¬Ћ»“№—я;V pf praet sg indic f -;;;и так € влилась в мужскую компанию;ь;с;а;л;и;л;я;¬Ћ»“№—я;V;pf praet sg indic f -
106;;в;¬;PR;;;так € влилась в мужскую компанию ;в;;;;;;¬;¬;PR;PR
107;;мужскую;ћ”∆— ќ…;A - acc sg plen f -;;;€ влилась в мужскую компанию  и;ю;у;к;с;ж;у;…;ћ”∆— ќ…;A;- acc sg plen f -
108;;компанию; ќћѕјЌ»я;S f inan acc sg;;;влилась в мужскую компанию  и ;ю;и;н;а;п;м;я; ќћѕјЌ»я;S;f inan acc sg
109;"<distinct form=""ии"">";;;;;;;;;;;;;;;;
110;;и;»;CONJ ;;;мужскую компанию  и  . ;и;;;;;;»;»;CONJ;CONJ
111;</distinct>;;;;;;;;;;;;;;;;
112;;.;.;PUNCT;SENT;; и  .  ќсновными зан€ти€ми;.;;;;;;.;.;SENT;SENT
113;;;;;;;;;;;;;;;;;
114;;ќсновными;ќ—Ќќ¬Ќќ…;A - ins pl plen - -;;; .  ќсновными зан€ти€ми были игра;и;м;ы;н;в;о;…;ќ—Ќќ¬Ќќ…;A;- ins pl plen - -
115;;зан€ти€ми;«јЌя“»≈;S n inan ins pl;;;.  ќсновными зан€ти€ми были игра в;и;м;€;и;т;€;≈;«јЌя“»≈;S;n inan ins pl
116;;были;Ѕџ“№;V ipf praet pl indic - -;;; ќсновными зан€ти€ми были игра в футбол;и;л;ы;б;;;№;Ѕџ“№;V;ipf praet pl indic - -
117;;игра;»√–ј;S f inan nom sg;;;ќсновными зан€ти€ми были игра в футбол ,;а;р;г;и;;;ј;»√–ј;S;f inan nom sg
118;;в;¬;PR;;;зан€ти€ми были игра в футбол , мы;в;;;;;;¬;¬;PR;PR
119;;футбол;‘”“ЅќЋ;S m inan acc sg;;;были игра в футбол , мы играли;л;о;б;т;у;ф;Ћ;‘”“ЅќЋ;S;m inan acc sg
120;;,;,;PUNCT;;;;,;;;;;;,;,;,;,
121;;мы;ћџ;SPRO - 1p nom pl;;;в футбол , мы играли в пр€тки;ы;м;;;;;џ;ћџ;SPRO;pl 1p - nom
122;;играли;»√–ј“№;V ipf praet pl indic - -;;;футбол , мы играли в пр€тки ,;и;л;а;р;г;и;№;»√–ј“№;V;ipf praet pl indic - -
123;;в;¬;PR;;;, мы играли в пр€тки , мы;в;;;;;;¬;¬;PR;PR
124;;пр€тки;ѕ–я“ »;S - inan acc pl;;;мы играли в пр€тки , мы лазили;и;к;т;€;р;п;»;ѕ–я“ »;S;- inan acc pl
125;;,;,;PUNCT;;;;,;;;;;;,;,;,;,
126;;мы;ћџ;SPRO - 1p nom pl;;;в пр€тки , мы лазили по деревь€м;ы;м;;;;;џ;ћџ;SPRO;pl 1p - nom
127;;лазили;Ћј«»“№;V ipf praet pl indic - -;;;пр€тки , мы лазили по деревь€м ,;и;л;и;з;а;л;№;Ћј«»“№;V;ipf praet pl indic - -
128;;по;ѕќ;PR;;;, мы лазили по деревь€м , строили;о;п;;;;;ќ;ѕќ;PR;PR
129;;деревь€м;ƒ≈–≈¬ќ;S n inan dat pl;;;мы лазили по деревь€м , строили домики;м;€;ь;в;е;р;ќ;ƒ≈–≈¬ќ;S;n inan dat pl
130;;,;,;PUNCT;;;;,;;;;;;,;,;,;,
131;;строили;—“–ќ»“№;V ipf praet pl indic - -;;;по деревь€м , строили домики на них;и;л;и;о;р;т;№;—“–ќ»“№;V;ipf praet pl indic - -
132;;домики;ƒќћ» ;S m inan acc pl;;;деревь€м , строили домики на них .;и;к;и;м;о;д; ;ƒќћ» ;S;m inan nom pl
133;;на;Ќј;PR;;;, строили домики на них . ;а;н;;;;;ј;Ќј;PR;PR
134;;них;ќЌ»;SPRO - 3p loc pl;;;строили домики на них .  Ќу;х;и;н;;;;»;ќЌ»;SPRO;pl - - loc
135;;.;.;PUNCT;SENT;;домики на них .  Ќу это;.;;;;;;.;.;SENT;SENT
136;;;;;;;;;;;;;;;;;
137;;Ќу;Ќ”;PART;;;них .  Ќу это были не;у;Ќ;;;;;”;Ќ”;PART;PART
138;;это;Ё“ќ;SPRO n - nom sg;;;.  Ќу это были не совсем;о;т;э;;;;ќ;Ё“ќ;S;n inan acc sg
139;;были;Ѕџ“№;V ipf praet pl indic - -;;; Ќу это были не совсем домики;и;л;ы;б;;;№;Ѕџ“№;V;ipf praet pl indic - -
140;;не;Ќ≈;PART;;;Ќу это были не совсем домики ,;е;н;;;;;≈;Ќ≈;PART;PART
141;;совсем;—ќ¬—≈ћ;ADV -;;;это были не совсем домики , это;м;е;с;в;о;с;ћ;—ќ¬—≈ћ;ADV;-
142;;домики;ƒќћ» ;S m inan nom pl;;;были не совсем домики , это были;и;к;и;м;о;д; ;ƒќћ» ;S;m inan nom pl
143;;,;,;PUNCT;;;;,;;;;;;,;,;,;,
144;;это;Ё“ќ;SPRO n - nom sg;;;совсем домики , это были настилы из;о;т;э;;;;ќ;Ё“ќ;S;n inan acc sg
145;;были;Ѕџ“№;V ipf praet pl indic - -;;;домики , это были настилы из досок;и;л;ы;б;;;№;Ѕџ“№;V;ipf praet pl indic - -
146;;настилы;Ќј—“»Ћ;S m inan nom pl;;;, это были настилы из досок ,;ы;л;и;т;с;а;Ћ;Ќј—“»Ћ;S;m inan acc pl
147;;из;»«;PR;;;это были настилы из досок , на;з;и;;;;;«;»«;PR;PR
148;;досок;ƒќ— ј;S f inan gen pl;;;были настилы из досок , на которых;к;о;с;о;д;;ј;ƒќ— ј;S;f inan gen pl
149;;,;,;PUNCT;;;;,;;;;;;,;,;,;,
150;;на;Ќј;PR;;;из досок , на которых просто ;а;н;;;;;ј;Ќј;PR;PR
151;;которых; ќ“ќ–џ…;A - loc pl plen - -;;;досок , на которых просто  можно;х;ы;р;о;т;о;…; ќ“ќ–џ…;A;- loc pl plen - -
152;;просто;ѕ–ќ—“ќ;ADV -;;;, на которых просто  можно было;о;т;с;о;р;п;ќ;ѕ–ќ—“ќ;ADV;-
153;"<span <class=""note"">усмехаетс€</span>";;;;;;;;;;;;;;;;
154;;можно;ћќ∆Ќќ;PRAEDIC -;;;которых просто  можно было сидеть и;о;н;ж;о;м;;ќ;ћќ∆Ќќ;ADV;-
155;;было;Ѕџ“№;V ipf praet sg indic n -;;;просто  можно было сидеть и очень;о;л;ы;б;;;№;Ѕџ“№;V;ipf praet sg indic n -
156;;сидеть;—»ƒ≈“№;V ipf - - inf - -;;; можно было сидеть и очень сложно;ь;т;е;д;и;с;№;—»ƒ≈“№;V;ipf - - inf - -
157;;и;»;CONJ ;;;можно было сидеть и очень сложно было;и;;;;;;»;»;CONJ;CONJ
158;;очень;ќ„≈Ќ№;ADV -;;;было сидеть и очень сложно было забиратьс€;ь;н;е;ч;о;;№;ќ„≈Ќ№;ADV;-
159;;сложно;—Ћќ∆Ќќ;PRAEDIC -;;;сидеть и очень сложно было забиратьс€ .;о;н;ж;о;л;с;ќ;—Ћќ∆Ќќ;ADV;-
160;;было;Ѕџ“№;V ipf praet sg indic n -;;;и очень сложно было забиратьс€ . ;о;л;ы;б;;;№;Ѕџ“№;V;ipf praet sg indic n -
161;;забиратьс€;«јЅ»–ј“№—я;V ipf - - inf - -;;;очень сложно было забиратьс€ .  ћы;€;с;ь;т;а;р;я;«јЅ»–ј“№—я;V;ipf - - inf - -
162;;.;.;PUNCT;SENT;;сложно было забиратьс€ .  ћы часто;.;;;;;;.;.;SENT;SENT
163;;;;;;;;;;;;;;;;;
164;;ћы;ћџ;SPRO - 1p nom pl;;;забиратьс€ .  ћы часто падали ,;ы;ћ;;;;;џ;ћџ;SPRO;pl 1p - nom
165;;часто;„ј—“ќ;ADV -;;;.  ћы часто падали , доски;о;т;с;а;ч;;ќ;„ј—“ќ;ADV;-
166;;падали;ѕјƒј“№;V ipf praet pl indic - -;;; ћы часто падали , доски были;и;л;а;д;а;п;№;ѕјƒј“№;V;ipf praet pl indic - -
167;;,;,;PUNCT;;;;,;;;;;;,;,;,;,
168;;доски;ƒќ— ј;S f inan nom pl;;;часто падали , доски были тонкие ,;и;к;с;о;д;;ј;ƒќ— ј;S;f inan gen sg
169;;были;Ѕџ“№;V ipf praet pl indic - -;;;падали , доски были тонкие , плохо;и;л;ы;б;;;№;Ѕџ“№;V;ipf praet pl indic - -
170;;тонкие;“ќЌ »…;A - nom pl plen - -;;;, доски были тонкие , плохо прибиты;е;и;к;н;о;т;…;“ќЌ »…;A;- nom pl plen - -
171;;,;,;PUNCT;;;;,;;;;;;,;,;,;,
172;;плохо;ѕЋќ’ќ;PRAEDIC  -;;;были тонкие , плохо прибиты , ну;о;х;о;л;п;;ќ;ѕЋќ’ќ;ADV;-
173;;прибиты;ѕ–»Ѕ»“№;PARTCP pf praet - pl brev - pass -;;;тонкие , плохо прибиты , ну ,;ы;т;и;б;и;р;№;ѕ–»Ѕ»“№;PARTCP;pf praet - pl brev - pass -
174;;,;,;PUNCT;;;;,;;;;;;,;,;,;,
175;;ну;Ќ”;PART;;;плохо прибиты , ну , что пон€тно;у;н;;;;;”;Ќ”;PART;PART
176;;,;,;PUNCT;;;;,;;;;;;,;,;,;,
177;;что;„“ќ;CONJ ;;;, ну , что пон€тно , мы;о;т;ч;;;;ќ;„“ќ;CONJ;CONJ
178;;пон€тно;ѕќЌя“Ќќ;ADV -;;;ну , что пон€тно , мы же;о;н;т;€;н;о;ќ;ѕќЌя“Ќќ;ADV;-
179;;,;,;PUNCT;;;;,;;;;;;,;,;,;,
180;;мы;ћџ;SPRO - 1p nom pl;;;что пон€тно , мы же не строители.;ы;м;;;;;џ;ћџ;SPRO;pl 1p - nom
181;;же;∆≈;PART;;;пон€тно , мы же не строители. ;е;ж;;;;;≈;∆≈;PART;PART
182;;не;Ќ≈;PART;;;, мы же не строители.  ;е;н;;;;;≈;Ќ≈;PART;PART
183;;строители;—“–ќ»“≈Ћ№;S m anim nom pl;;;мы же не строители.   ;.;и;л;е;т;и;№;—“–ќ»“≈Ћ№.;S;m anim nom pl
184;;.;.;PUNCT;SENT;;;.;;;;;;.;.;SENT;SENT
185;;;;;;;;;;;;;;;;;
186;"<speech role=""јлена@"" />";;;;;;;;;;;;;;;;
187;"<distinct form=""ии"">";;;;;;;;;;;;;;;;
188;;»;»;CONJ;;;   »  большой страстью;»;;;;;;»;»;S;- - nonflex nonflex
189;</distinct>;;;;;;;;;;;;;;;;
190;;большой;ЅќЋ№Ўќ…;A - ins sg plen f -;;; »  большой страстью мальчиков были;й;о;ш;ь;л;о;…;ЅќЋ№Ўќ…;A;- ins sg plen f -
191;;страстью;—“–ј—“№;S f inan ins sg;;;»  большой страстью мальчиков были велосипеды;ю;ь;т;с;а;р;№;—“–ј—“№;S;f inan ins sg
192;;мальчиков;ћјЋ№„» ;S m anim gen pl;;; большой страстью мальчиков были велосипеды ,;в;о;к;и;ч;ь; ;ћјЋ№„» ;S;m anim gen pl
193;;были;Ѕџ“№;V ipf praet pl indic - -;;;большой страстью мальчиков были велосипеды , €;и;л;ы;б;;;№;Ѕџ“№;V;ipf praet pl indic - -
194;;велосипеды;¬≈Ћќ—»ѕ≈ƒ;S m inan nom pl;;;страстью мальчиков были велосипеды , € тогда;ы;д;е;п;и;с;ƒ;¬≈Ћќ—»ѕ≈ƒ;S;m inan nom pl
195;;,;,;PUNCT;;;;,;;;;;;,;,;,;,
196;;€;я;SPRO -1p nom sg;;;были велосипеды , € тогда кататьс€ вообще;€;;;;;;я;я;SPRO;sg 1p - nom
197;;тогда;“ќ√ƒј;ADVPRO -;;;велосипеды , € тогда кататьс€ вообще не;а;д;г;о;т;;ј;“ќ√ƒј;ADV;-
198;;кататьс€; ј“ј“№—я;V ipf - - inf - -;;;, € тогда кататьс€ вообще не умела;€;с;ь;т;а;т;я; ј“ј“№—я;V;ipf - - inf - -
199;;вообще;¬ќќЅў≈;ADV -;;;€ тогда кататьс€ вообще не умела ,;е;щ;б;о;о;в;≈;¬ќќЅў≈;ADV;-
200;;не;Ќ≈;PART;;;тогда кататьс€ вообще не умела , но;е;н;;;;;≈;Ќ≈;PART;PART
201;;умела;”ћ≈“№;V ipf praet sg indic f -;;;кататьс€ вообще не умела , но ;а;л;е;м;у;;№;”ћ≈“№;V;ipf praet sg indic f -
202;;,;,;PUNCT;;;;,;;;;;;,;,;,;
203;"<distinct form=""ноо"">";;;;;;;;;;;;;;;;
204;;но;Ќќ;CONJ ;;;не умела , но  € уговорила;о;н;;;;;ќ;Ќќ;CONJ;CONJ
205;</distinct>;;;;;;;;;;;;;;;;
206;;€;я;SPRO - 1p nom sg;;;, но  € уговорила своих родителей;€;;;;;;я;я;SPRO;sg 1p - nom
207;;уговорила;”√ќ¬ќ–»“№;V pf praet sg indic f -;;;но  € уговорила своих родителей купить;а;л;и;р;о;в;№;”√ќ¬ќ–»“№;V;pf praet sg indic f -
208;;своих;—¬ќ…;APRO - acc pl plen - anim;;; € уговорила своих родителей купить мне;х;и;о;в;с;;…;—¬ќ…;A;- acc pl plen - anim
209;;родителей;–ќƒ»“≈Ћ№;S m anim acc pl;;;€ уговорила своих родителей купить мне велосипед;й;е;л;е;т;и;№;–ќƒ»“≈Ћ№;S;m anim gen pl
210;;купить; ”ѕ»“№;V pf - - inf - -;;;уговорила своих родителей купить мне велосипед ,;ь;т;и;п;у;к;№; ”ѕ»“№;V;pf - - inf - -
211;;мне;я;SPRO - 1p dat sg;;;своих родителей купить мне велосипед , чтобы;е;н;м;;;;я;я;SPRO;sg 1p - loc
212;;велосипед;¬≈Ћќ—»ѕ≈ƒ;S m inan acc sg;;;родителей купить мне велосипед , чтобы учитьс€;д;е;п;и;с;о;ƒ;¬≈Ћќ—»ѕ≈ƒ;S;m inan acc sg
213;;,;,;PUNCT;;;;,;;;;;;,;,;,;,
214;;чтобы;„“ќЅџ;CONJ ;;;мне велосипед , чтобы учитьс€ , и;ы;б;о;т;ч;;џ;„“ќЅџ;CONJ;CONJ
215;;учитьс€;”„»“№—я;V ipf - - inf - -;;;велосипед , чтобы учитьс€ , и мен€;€;с;ь;т;и;ч;я;”„»“№—я;V;ipf - - inf - -
216;;,;,;PUNCT;;;;,;;;;;;,;,;,;,
217;;и;»;CONJ ;;;чтобы учитьс€ , и мен€ учил кататьс€;и;;;;;;»;»;CONJ;CONJ
218;;мен€;я;SPRO - 1p acc sg;;;учитьс€ , и мен€ учил кататьс€ на;€;н;е;м;;;я;я;SPRO;sg 1p - acc
219;;учил;”„»“№;V ipf praet sg indic m -;;;, и мен€ учил кататьс€ на велосипеде;л;и;ч;у;;;№;”„»“№;V;ipf praet sg indic m -
220;;кататьс€; ј“ј“№—я;V ipf - - inf - -;;;и мен€ учил кататьс€ на велосипеде мой;€;с;ь;т;а;т;я; ј“ј“№—я;V;ipf - - inf - -
221;;на;Ќј;PR;;;мен€ учил кататьс€ на велосипеде мой дед;а;н;;;;;ј;Ќј;PR;PR
222;;велосипеде;¬≈Ћќ—»ѕ≈ƒ;S m inan loc sg;;;учил кататьс€ на велосипеде мой дед .;е;д;е;п;и;с;ƒ;¬≈Ћќ—»ѕ≈ƒ;S;m inan loc sg
223;;мой;ћќ…;APRO - nom sg plen m anim;;;кататьс€ на велосипеде мой дед . ;й;о;м;;;;…;ћќ…;A;- nom sg plen m -
224;;дед;ƒ≈ƒ;S m anim nom sg;;;на велосипеде мой дед .  ”;д;е;д;;;;ƒ;ƒ≈ƒ;S;m anim nom sg
225;;.;.;PUNCT;SENT;;велосипеде мой дед .  ” нас;.;;;;;;.;.;SENT;SENT
226;;;;;;;;;;;;;;;;;
227;;”;”;PR;;;дед .  ” нас у дома;”;;;;;;”;”;PR;PR
228;;нас;ћџ;SPRO - 1p gen pl;;;.  ” нас у дома было;с;а;н;;;;џ;ћџ;SPRO;pl 1p - loc
229;;у;”;PR;;; ” нас у дома было большое;у;;;;;;”;”;PR;PR
230;;дома;ƒќћ;S m inan gen sg;;;” нас у дома было большое поле;а;м;о;д;;;ћ;ƒќћ;S;m inan gen sg
231;;было;Ѕџ“№;V ipf praet sg indic n -;;;нас у дома было большое поле ,;о;л;ы;б;;;№;Ѕџ“№;V;ipf praet sg indic n -
232;;большое;ЅќЋ№Ўќ…;A - nom sg plen n -;;;у дома было большое поле , и;е;о;ш;ь;л;о;…;ЅќЋ№Ўќ…;A;- nom sg plen n -
233;;поле;ѕќЋ≈;S n inan nom sg;;;дома было большое поле , и ;е;л;о;п;;;≈;ѕќЋ≈;S;n inan nom sg
234;;,;,;PUNCT;;;;,;;;;;;,;,;,;
235;"<distinct form=""ии"">";;;;;;;;;;;;;;;;
236;;и;»;CONJ ;;;большое поле , и  там мы;и;;;;;;»;»;CONJ;CONJ
237;</distinct>;;;;;;;;;;;;;;;;
238;;там;“јћ;ADVPRO -;;;, и  там мы ездили .;м;а;т;;;;ћ;“јћ;ADV;-
239;;мы;ћџ;SPRO - 1p nom pl;;;и  там мы ездили . ;ы;м;;;;;џ;ћџ;SPRO;pl 1p - nom
240;;ездили;≈«ƒ»“№;V ipf praet pl indic - -;;; там мы ездили .  я;и;л;и;д;з;е;№;≈«ƒ»“№;V;ipf praet pl indic - -
241;;.;.;PUNCT;SENT;;там мы ездили .  я падала;.;;;;;;.;.;SENT;SENT
242;;;;;;;;;;;;;;;;;
243;;я;я;SPRO - 1p nom sg;;;ездили .  я падала , это;я;;;;;;я;я;SPRO;sg 1p - nom
244;;падала;ѕјƒј“№;V ipf praet sg indic f -;;;.  я падала , это было;а;л;а;д;а;п;№;ѕјƒј“№;V;ipf praet sg indic f -
245;;,;,;PUNCT;;;;,;;;;;;,;,;,;,
246;;это;Ё“ќ;SPRO n - nom sg;;;я падала , это было больше непри€тно;о;т;э;;;;ќ;Ё“ќ;S;n - nom sg
247;;было;Ѕџ“№;V ipf praet sg indic n -;;;падала , это было больше непри€тно ,;о;л;ы;б;;;№;Ѕџ“№;V;ipf praet sg indic n -
248;;больше;ћЌќ√ќ;ADV comp;;;, это было больше непри€тно , чем;е;ш;ь;л;о;б;ќ;ћЌќ√ќ;ADV;comp
249;;непри€тно;Ќ≈ѕ–»я“Ќќ;ADV -;;;это было больше непри€тно , чем больно;о;н;т;€;и;р;ќ;Ќ≈ѕ–»я“Ќќ;ADV;-
250;;,;,;PUNCT;;;;,;;;;;;,;,;,;,
251;;чем;„≈ћ;CONJ ;;;больше непри€тно , чем больно , потому что;м;е;ч;;;;ћ;„≈ћ;CONJ;CONJ
252;;больно;ЅќЋ№Ќќ;ADV -;;;непри€тно , чем больно , потому что там;о;н;ь;л;о;б;ќ;ЅќЋ№Ќќ;ADV;-
253;;,;,;PUNCT;;;;,;;;;;;,;,;,;,
254;;потому что;потому что;CONJ ;;;чем больно , потому что там дорога была;о;т;ч; ;у;м;о;потому что;CONJ;CONJ
255;;там;“јћ;ADVPRO -;;;больно , потому что там дорога была земл€на€;м;а;т;;;;ћ;“јћ;ADV;-
256;;дорога;ƒќ–ќ√ј;S f inan nom sg;;;, потому что там дорога была земл€на€ ,;а;г;о;р;о;д;ј;ƒќ–ќ√ј;S;f inan nom sg
257;;была;Ѕџ“№;V ipf praet sg indic f -;;;потому что там дорога была земл€на€ , глин€на€;а;л;ы;б;;;№;Ѕџ“№;V;ipf praet sg indic f -
258;;земл€на€;«≈ћЋяЌќ…;A - nom sg plen f -;;;там дорога была земл€на€ , глин€на€ ,;€;а;н;€;л;м;…;«≈ћЋяЌќ…;A;- nom sg plen f -
259;;,;,;PUNCT;;;;,;;;;;;,;,;,;,
260;;глин€на€;√Ћ»ЌяЌџ…;A - nom sg plen f -;;;была земл€на€ , глин€на€ , то есть при;€;а;н;€;н;и;…;√Ћ»ЌяЌџ…;A;- nom sg plen f -
261;;,;,;PUNCT;;;;,;;;;;;,;,;,;,
262;;то есть;то есть;CONJ ;;;, глин€на€ , то есть при падении ты;ь;т;с;е; ;о;ь;то есть;ADV;-
263;;при;ѕ–»;PR;;;глин€на€ , то есть при падении ты пачкаешьс€;и;р;п;;;;»;ѕ–»;PR;PR
264;;падении;ѕјƒ≈Ќ»≈;S n inan loc sg;;;, то есть при падении ты пачкаешьс€ ,;и;и;н;е;д;а;≈;ѕјƒ≈Ќ»≈;S;n inan loc sg
265;;ты;“џ;SPRO - 2p nom sg;;;то есть при падении ты пачкаешьс€ , удар€ешьс€;ы;т;;;;;џ;“џ;SPRO;sg 2p - nom
266;;пачкаешьс€;ѕј„ ј“№—я;V ipf praes sg indic - 2p;;;при падении ты пачкаешьс€ , удар€ешьс€ ,;€;с;ь;ш;е;а;я;ѕј„ ј“№—я;V;ipf praes sg indic - 2p
267;;,;,;PUNCT;;;;,;;;;;;,;,;,;,
268;;удар€ешьс€;”ƒј–я“№—я;V ipf praes sg indic - 2p;;;ты пачкаешьс€ , удар€ешьс€ , но это;€;с;ь;ш;е;€;я;”ƒј–я“№—я;V;ipf praes sg indic - 2p
269;;,;,;PUNCT;;;;,;;;;;;,;,;,;,
270;;но;Ќќ;CONJ ;;;, удар€ешьс€ , но это не больно;о;н;;;;;ќ;Ќќ;CONJ;CONJ
271;;это;Ё“ќ;SPRO n - nom sg;;;удар€ешьс€ , но это не больно ,;о;т;э;;;;ќ;Ё“ќ;S;n - nom sg
272;;не;Ќ≈;PART;;;, но это не больно , то есть;е;н;;;;;≈;Ќ≈;PART;PART
273;;больно;ЅќЋ№Ќќ;PRAEDIC -;;;но это не больно , то есть ран;о;н;ь;л;о;б;ќ;ЅќЋ№Ќќ;ADV;-
274;;,;,;PUNCT;;;;,;;;;;;,;,;,;,
275;;то есть;то есть;CONJ ;;;не больно , то есть ран практически не;ь;т;с;е; ;о;ь;то есть;ADV;-
276;;ран;–јЌ;S f inan gen pl;;;больно , то есть ран практически не оставалось.;н;а;р;;;;Ќ;–јЌ;S;f inan gen pl
277;;практически;ѕ–ј “»„≈— »;ADV -;;;, то есть ран практически не оставалось. ;и;к;с;е;ч;и;»;ѕ–ј “»„≈— »;ADV;-
278;;не;Ќ≈;PART;;;то есть ран практически не оставалось.  ;е;н;;;;;≈;Ќ≈;PART;PART
279;;оставалось;ќ—“ј¬ј“№—я;V ipf praet sg indic n -;;;ран практически не оставалось.   ;.;ь;с;о;л;а;я;ќ—“ј¬ј“№—я.;V;ipf praet sg indic n -
280;;;;;;;;;;;;;;;;;
281;"<speech role=""јлена@"" />";;;;;;;;;;;;;;;;
282;"<distinct form=""ии"">";;;;;;;;;;;;;;;;
283;;»;»;CONJ;;;   »  когда €;»;;;;;;»;»;S;- - nonflex nonflex
284;</distinct>;;;;;;;;;;;;;;;;
285;;когда; ќ√ƒј;CONJ ;;; »  когда € наконец -;а;д;г;о;к;;ј; ќ√ƒј;CONJ;CONJ
286;;€;я;SPRO - 1p nom sg;;;»  когда € наконец - то;€;;;;;;я;я;SPRO;sg 1p - nom
287;;наконец-то;Ќј ќЌ≈÷-“ќ;ADV -;;; когда € наконец-то хорошо;ц;е;н;о;к;а;ќ;Ќј ќЌ≈÷;ADV;-
288;;хорошо;’ќ–ќЎќ;ADV -;;;наконец - то хорошо научилась кататьс€ ,;о;ш;о;р;о;х;ќ;’ќ–ќЎќ;ADV;-
289;;научилась;Ќј”„»“№—я;V pf praet sg indic f -;;;- то хорошо научилась кататьс€ , мне;ь;с;а;л;и;ч;я;Ќј”„»“№—я;V;pf praet sg indic f -
290;;кататьс€; ј“ј“№—я;V ipf - - inf - -;;;то хорошо научилась кататьс€ , мне казалось;€;с;ь;т;а;т;я; ј“ј“№—я;V;ipf - - inf - -
291;;,;,;PUNCT;;;;,;;;;;;,;,;,;,
292;;мне;я;SPRO - 1p dat sg;;;научилась кататьс€ , мне казалось , что;е;н;м;;;;я;я;SPRO;sg 1p - loc
293;;казалось; ј«ј“№—я;V ipf praet sg indic n -;;;кататьс€ , мне казалось , что хорошо;ь;с;о;л;а;з;я; ј«ј“№—я;V;ipf praet sg indic n -
294;;,;,;PUNCT;;;;,;;;;;;,;,;,;,
295;;что;„“ќ;CONJ ;;;мне казалось , что хорошо , €;о;т;ч;;;;ќ;„“ќ;CONJ;CONJ
296;;хорошо;’ќ–ќЎќ;ADV -;;;казалось , что хорошо , € решила;о;ш;о;р;о;х;ќ;’ќ–ќЎќ;ADV;-
297;;,;,;PUNCT;;;;,;;;;;;,;,;,;,
298;;€;я;SPRO - 1p nom sg;;;что хорошо , € решила поехать по;€;;;;;;я;я;SPRO;sg 1p - nom
299;;решила;–≈Ў»“№;V pf praet sg indic f -;;;хорошо , € решила поехать по главной;а;л;и;ш;е;р;№;–≈Ў»“№;V;pf praet sg indic f -
300;;поехать;ѕќ≈’ј“№;V pf - - inf - -;;;, € решила поехать по главной улице;ь;т;а;х;е;о;№;ѕќ≈’ј“№;V;pf - - inf - -
301;;по;ѕќ;PR;;;€ решила поехать по главной улице ,;о;п;;;;;ќ;ѕќ;PR;PR
302;;главной;√Ћј¬Ќџ…;A - dat sg plen f -;;;решила поехать по главной улице , где;й;о;н;в;а;л;…;√Ћј¬Ќџ…;A;- loc sg plen f -
303;;улице;”Ћ»÷ј;S f inan dat sg;;;поехать по главной улице , где дорога;е;ц;и;л;у;;ј;”Ћ»÷ј;S;f inan loc sg
304;;,;,;PUNCT;;;;,;;;;;;,;,;,;,
305;;где;√ƒ≈;ADVPRO -;;;главной улице , где дорога выложена камн€ми;е;д;г;;;;≈;√ƒ≈;ADV;-
306;;дорога;ƒќ–ќ√ј;S f inan nom sg;;;улице , где дорога выложена камн€ми .;а;г;о;р;о;д;ј;ƒќ–ќ√ј;S;f inan nom sg
307;;выложена;¬џЋќ∆»“№;PARTCP pf praet - sg brev f pass -;;;, где дорога выложена камн€ми . ;а;н;е;ж;о;л;№;¬џЋќ∆»“№;PARTCP;pf praet - sg brev f pass -
308;;камн€ми; јћ≈Ќ№;S m inan ins pl;;;где дорога выложена камн€ми .  “ам;и;м;€;н;м;а;№; јћ≈Ќ№;S;m inan ins pl
309;;.;.;PUNCT;SENT;;дорога выложена камн€ми .  “ам ,;.;;;;;;.;.;SENT;SENT
310;;;;;;;;;;;;;;;;;
311;;“ам;“јћ;PART;;;камн€ми .  “ам , камни ,;м;а;“;;;;ћ;“јћ;PART;PART
312;;,;,;PUNCT;;;;,;;;;;;,;,;,;,
313;;камни; јћ≈Ќ№;S m inan nom pl;;; “ам , камни , обломки кирпичей;и;н;м;а;к;;№; јћ≈Ќ№;S;m inan acc pl
314;;,;,;PUNCT;;;;,;;;;;;,;,;,;,
315;;обломки;ќЅЋќћќ ;S m inan nom pl;;;, камни , обломки кирпичей , там;и;к;м;о;л;б; ;ќЅЋќћќ ;S;m inan nom pl
316;;кирпичей; »–ѕ»„;S m inan gen pl;;;камни , обломки кирпичей , там ездили;й;е;ч;и;п;р;„; »–ѕ»„;S;m inan gen pl
317;;,;,;PUNCT;;;;,;;;;;;,;,;,;,
318;;там;“јћ;ADVPRO -;;;обломки кирпичей , там ездили машины .;м;а;т;;;;ћ;“јћ;ADV;-
319;;ездили;≈«ƒ»“№;V ipf praet pl indic - -;;;кирпичей , там ездили машины . ;и;л;и;д;з;е;№;≈«ƒ»“№;V;ipf praet pl indic - -
320;;машины;ћјЎ»Ќј;S f inan nom pl;;;, там ездили машины .  »;ы;н;и;ш;а;м;ј;ћјЎ»Ќј;S;f inan nom pl
321;;.;.;PUNCT;SENT;;там ездили машины .  » у;.;;;;;;.;.;SENT;SENT
322;;;;;;;;;;;;;;;;;
323;;»;»;CONJ ;;;машины .  » у нас дом;»;;;;;;»;»;CONJ;CONJ
324;;у;”;PR;;;.  » у нас дом стоит;у;;;;;;”;”;PR;PR
325;;нас;ћџ;SPRO - 1p gen pl;;; » у нас дом стоит на;с;а;н;;;;џ;ћџ;SPRO;pl 1p - loc
326;;дом;ƒќћ;S m inan nom sg;;;» у нас дом стоит на горе;м;о;д;;;;ћ;ƒќћ;S;m inan acc sg
327;;стоит;—“ќя“№;V ipf praes sg indic - 3p;;;у нас дом стоит на горе ,;т;и;о;т;с;;№;—“ќя“№;V;ipf praes sg indic - 3p
328;;на;Ќј;PR;;;нас дом стоит на горе , и;а;н;;;;;ј;Ќј;PR;PR
329;;горе;√ќ–ј;S f inan loc sg;;;дом стоит на горе , и дорога;е;р;о;г;;;ј;√ќ–ј;S;f inan loc sg
330;;,;,;PUNCT;;;;,;;;;;;,;,;,;,
331;;и;»;CONJ ;;;на горе , и дорога идет вот;и;;;;;;»;»;CONJ;CONJ
332;;дорога;ƒќ–ќ√ј;S f inan nom sg;;;горе , и дорога идет вот так;а;г;о;р;о;д;ј;ƒќ–ќ√ј;S;f inan nom sg
333;;идет;»ƒ“»;V ipf praes sg indic - 3p;;;, и дорога идет вот так ,;т;е;д;и;;;»;»ƒ“»;V;ipf praes sg indic - 3p
334;;вот;¬ќ“;PART;;;и дорога идет вот так , и;т;о;в;;;;“;¬ќ“;PART;PART
335;;так;“ј ;ADVPRO -;;;дорога идет вот так , и еще;к;а;т;;;; ;“ј ;ADV;-
336;;,;,;PUNCT;;;;,;;;;;;,;,;,;,
337;;и;»;CONJ ;;;вот так , и еще одна идет;и;;;;;;»;»;CONJ;CONJ
338;;еще;≈ў≈;ADV -;;;так , и еще одна идет к;е;щ;е;;;;≈;≈ў≈;ADV;-
339;;одна;ќƒ»Ќ;ANUM - nom sg plen f -;;;, и еще одна идет к речке;а;н;д;о;;;Ќ;ќƒ»Ќ;A;- nom sg plen f -
340;;идет;»ƒ“»;V ipf praes sg indic - 3p;;;и еще одна идет к речке ,;т;е;д;и;;;»;»ƒ“»;V;ipf praes sg indic - 3p
341;;к; ;PR;;;еще одна идет к речке , €;к;;;;;; ; ;PR;PR
342;;речке;–≈„ ј;S f inan dat sg;;;одна идет к речке , € решила;е;к;ч;е;р;;ј;–≈„ ј;S;f inan loc sg
343;;,;,;PUNCT;;;;,;;;;;;,;,;,;,
344;;€;я;SPRO - 1p nom sg;;;к речке , € решила поехать к;€;;;;;;я;я;SPRO;sg 1p - nom
345;;решила;–≈Ў»“№;V pf praet sg indic f -;;;речке , € решила поехать к речке;а;л;и;ш;е;р;№;–≈Ў»“№;V;pf praet sg indic f -
346;;поехать;ѕќ≈’ј“№;V pf - - inf - -;;;, € решила поехать к речке .;ь;т;а;х;е;о;№;ѕќ≈’ј“№;V;pf - - inf - -
347;;к; ;PR;;;€ решила поехать к речке . ;к;;;;;; ; ;PR;PR
348;;речке;–≈„ ј;S f inan dat sg;;;решила поехать к речке .  я;е;к;ч;е;р;;ј;–≈„ ј;S;f inan loc sg
349;;.;.;PUNCT;SENT;;поехать к речке .  я начала;.;;;;;;.;.;SENT;SENT
350;;;;;;;;;;;;;;;;;
351;;я;я;SPRO - 1p nom sg;;;речке .  я начала ехать и;я;;;;;;я;я;SPRO;sg 1p - nom
352;;начала;Ќј„ј“№;V pf praet sg indic f -;;;.  я начала ехать и увидела;а;л;а;ч;а;н;№;Ќј„јЋќ;S;n inan acc pl
353;;ехать;≈’ј“№;V ipf - - inf - -;;; я начала ехать и увидела навстречу;ь;т;а;х;е;;№;≈’ј“№;V;ipf - - inf - -
354;;и;»;CONJ ;;;я начала ехать и увидела навстречу машину;и;;;;;;»;»;CONJ;CONJ
355;;увидела;”¬»ƒ≈“№;V pf praet sg indic f -;;;начала ехать и увидела навстречу машину ,;а;л;е;д;и;в;№;”¬»ƒ≈“№;V;pf praet sg indic f -
356;;навстречу;Ќј¬—“–≈„”;ADV -;;;ехать и увидела навстречу машину , котора€;у;ч;е;р;т;с;”;Ќј¬—“–≈„”;ADV;-
357;;машину;ћјЎ»Ќј;S f inan acc sg;;;и увидела навстречу машину , котора€ поднималась;у;н;и;ш;а;м;ј;ћјЎ»Ќј;S;f inan acc sg
358;;,;,;PUNCT;;;;,;;;;;;,;,;,;,
359;;котора€; ќ“ќ–џ…;APRO - nom sg plen f inan;;;навстречу машину , котора€ поднималась вверх .;€;а;р;о;т;о;…; ќ“ќ–џ…;A;- nom sg plen f -
360;;поднималась;ѕќƒЌ»ћј“№—я;V ipf praet sg indic f -;;;машину , котора€ поднималась вверх . ;ь;с;а;л;а;м;я;ѕќƒЌ»ћј“№—я;V;ipf praet sg indic f -
361;;вверх;¬¬≈–’;ADV -;;;, котора€ поднималась вверх .  ”;х;р;е;в;в;;’;¬¬≈–’;ADV;-
362;;.;.;PUNCT;SENT;;котора€ поднималась вверх .  ” мен€;.;;;;;;.;.;SENT;SENT
363;;;;;;;;;;;;;;;;;
364;;”;”;PR;;;вверх .  ” мен€ велосипед с;”;;;;;;”;”;PR;PR
365;;мен€;я;SPRO - 1p gen sg;;;.  ” мен€ велосипед с такой;€;н;е;м;;;я;я;SPRO;sg 1p - acc
366;;велосипед;¬≈Ћќ—»ѕ≈ƒ;S m inan nom sg;;; ” мен€ велосипед с такой ;д;е;п;и;с;о;ƒ;¬≈Ћќ—»ѕ≈ƒ;S;m inan acc sg
367;;с;—;PR;;;” мен€ велосипед с такой  м;с;;;;;;—;—;PR;PR
368;;такой;“ј ќ…;APRO - nom sg plen m inan;;;мен€ велосипед с такой  м ;й;о;к;а;т;;…;“ј ќ…;A;- ins sg plen f -
369;"<distinct form=""мм"">";;;;;;;;;;;;;;;;
370;;м;ћ;- - nonflex nonflex;;;с такой  м  с рычагами;м;;;;;;ћ;ћ;S;- - nonflex nonflex
371;</distinct>;;;;;;;;;;;;;;;;
372;;с;—;PR;;; м  с рычагами , ;с;;;;;;—;—;PR;PR
373;;рычагами;–џ„ј√;S m inan ins pl;;;м  с рычагами ,  ;и;м;а;г;а;ч;√;–џ„ј√;S;m inan ins pl
374;;,;,;PUNCT;;;;,;;;;;;,;,;,;
375;;то есть;то есть;CONJ;;;с рычагами , _то есть_ тормозишь не педальками;ь;т;с;е; ;о;CONJ;то есть;ADV -;CONJ
376;;тормозишь;“ќ–ћќ«»“№;V ipf praes sg indic - 2p;;;рычагами , то есть _тормозишь_ не педальками назад;ь;ш;и;з;о;м;V;“ќ–ћќ«»“№;V ipf praes sg indic - 2p;V ipf praes sg indic - 2p
377;;не;Ќ≈;PART;;;, то есть тормозишь _не_ педальками назад ,;е;н;;;;;PART;Ќ≈;PART;PART
378;;педальками;ѕ≈ƒјЋ№ ј;S f inan ins pl;;;то есть тормозишь не _педальками_ назад , а;и;м;а;к;ь;л;S;ѕ≈ƒјЋ№ ј;S f inan ins pl;S f inan ins pl
379;;назад;Ќј«јƒ;ADV -;;;тормозишь не педальками _назад_ , а жмешь;д;а;з;а;н;;ADV;Ќј«јƒ;ADV -;ADV -
380;;,;,;PUNCT;;;;;;;;;;PUNCT;;;PUNCT
381;;а;ј;CONJ;;;педальками назад , _а_ жмешь рычаг .;а;;;;;;CONJ;ј;CONJ;CONJ
382;;жмешь;∆ј“№;V ipf praes sg indic - 2p;;;назад , а _жмешь_ рычаг . ;ь;ш;е;м;ж;;V;∆ј“№;V ipf praes sg indic - 2p;V ipf praes sg indic - 2p
383;;рычаг;–џ„ј√;S m inan acc sg;;;, а жмешь _рычаг_ .  ;г;а;ч;ы;р;;S;–џ„ј√;S m inan acc sg;S m inan acc sg
384;;.;.;PUNCT;SENT;;;;;;;;;PUNCT;;;PUNCT
385;;;;;;;;;;;;;;;;;0
386;;ѕравый;ѕ–ј¬џ…;A - nom sg plen m inan;;;.   _ѕравый_ это передний тормоз;й;ы;в;а;р;п;A;ѕ–ј¬џ…;A - nom sg plen m -;A - nom sg plen m inan
387;;это;Ё“ќ;PART;;;  ѕравый _это_ передний тормоз ,;о;т;э;;;;SPRO;Ё“ќ;S n - nom sg;PART
388;;передний;ѕ≈–≈ƒЌ»…;A - nom sg plen m inan;;; ѕравый это _передний_ тормоз , а;й;и;н;д;е;р;A;ѕ≈–≈ƒЌ»…;A - nom sg plen m -;A - nom sg plen m inan
389;;тормоз;“ќ–ћќ«;S m inan nom sg;;;ѕравый это передний _тормоз_ , а левый;з;о;м;р;о;т;S;“ќ–ћќ«;S m inan nom sg;S m inan nom sg
390;;,;,;PUNCT;;;;;;;;;;PUNCT;;;PUNCT
391;;а;ј;CONJ;;;передний тормоз , _а_ левый это задний;а;;;;;;CONJ;ј;CONJ;CONJ
392;;левый;Ћ≈¬џ…;A - nom sg plen m inan;;;тормоз , а _левый_ это задний тормоз;й;ы;в;е;л;;A;Ћ≈¬џ…;A - nom sg plen m -;A - nom sg plen m inan
393;;это;Ё“ќ;PART;;;, а левый _это_ задний тормоз ,;о;т;э;;;;SPRO;Ё“ќ;S n - nom sg;PART
394;;задний;«јƒЌ»…;A - nom sg plen m inan;;;а левый это _задний_ тормоз , ну;й;и;н;д;а;з;A;«јƒЌ»…;A - nom sg plen m -;A - nom sg plen m inan
395;;тормоз;“ќ–ћќ«;S m inan nom sg;;;левый это задний _тормоз_ , ну это;з;о;м;р;о;т;S;“ќ–ћќ«;S m inan nom sg;S m inan nom sg
396;;,;,;PUNCT;;;;;;;;;;PUNCT;;;PUNCT
397;;ну;Ќ”;PART;;;задний тормоз , _ну_ это € потом;у;н;;;;;PART;Ќ”;PART;PART
398;;это;Ё“ќ;SPRO n - acc sg;;;тормоз , ну _это_ € потом уже;о;т;э;;;;SPRO;Ё“ќ;S n - nom sg;SPRO n - acc sg
399;;€;я;SPRO sg 1p - nom;;;, ну это _€_ потом уже в;€;;;;;;SPRO;я;SPRO sg 1p - nom;SPRO sg 1p - nom
400;;потом;ѕќ“ќћ;ADV -;;;ну это € _потом_ уже в конце;м;о;т;о;п;;ADV;ѕќ“ќћ;ADV -;ADV -
401;;уже;”∆≈;ADV -;;;это € потом _уже_ в конце выучила;е;ж;у;;;;ADV;”∆≈;ADV -;ADV -
402;;в;¬;PR;;;€ потом уже _в_ конце выучила .;в;;;;;;PR;¬;PR;PR
403;;конце; ќЌ≈÷;S m inan loc sg;;;потом уже в _конце_ выучила . ;е;ц;н;о;к;;S; ќЌ≈÷;S m inan loc sg;S m inan loc sg
404;;выучила;¬џ”„»“№;V pf praet sg indic f -;;;уже в конце _выучила_ .  ;а;л;и;ч;у;ы;V;¬џ”„»“№;V pf praet sg indic f -;V pf praet sg indic f -
405;;.;.;PUNCT;SENT;;;;;;;;;PUNCT;;;PUNCT
406;;;;;;;;;;;;;;;;;0
407;;ј;ј;CONJ;;;.   _ј_ когда мне его;а;;;;;;CONJ;ј;CONJ;CONJ
408;;когда; ќ√ƒј;CONJ;;;  ј _когда_ мне его только;а;д;г;о;к;;CONJ; ќ√ƒј;CONJ;CONJ
409;;мне;я;SPRO sg 1p - dat;;; ј когда _мне_ его только купили;е;н;м;;;;SPRO;я;SPRO sg 1p - dat;SPRO sg 1p - dat
410;;его;ќЌ;SPRO sg 3p m acc;;;ј когда мне _его_ только купили ,;о;г;е;;;;SPRO;ќЌ;SPRO sg 3p m acc;SPRO sg 3p m acc
411;;только;“ќЋ№ ќ;PART;;;когда мне его _только_ купили , €;о;к;ь;л;о;т;PART;“ќЋ№ ќ;PART;PART
412;;купили; ”ѕ»“№;V pf praet pl indic - -;;;мне его только _купили_ , € знала;и;л;и;п;у;к;V; ”ѕ»“№;V pf praet pl indic - -;V pf praet pl indic - -
413;;,;,;PUNCT;;;;;;;;;;PUNCT;;;PUNCT
414;;€;я;SPRO sg 1p - nom;;;только купили , _€_ знала , что;€;;;;;;SPRO;я;SPRO sg 1p - nom;SPRO sg 1p - nom
415;;знала;«Ќј“№;V ipf praet sg indic f -;;;купили , € _знала_ , что надо;а;л;а;н;з;;V;«Ќј“№;V ipf praet sg indic f -;V ipf praet sg indic f -
416;;,;,;PUNCT;;;;;;;;;;PUNCT;;;PUNCT
417;;что;„“ќ;CONJ;;;€ знала , _что_ надо куда-то жать;о;т;ч;;;;CONJ;„“ќ;CONJ;CONJ
418;;надо;Ќјƒќ;PRAEDIC -;;;знала , что _надо_ куда-то жать и;о;д;а;н;;;PRAEDIC;Ќјƒќ;ADV -;PRAEDIC -
419;;куда-то; ”ƒј-“ќ;ADVPRO -;;;, что надо _куда-то_ жать и он;о;т;-;а;д;у;ADV; ”ƒј-“ќ;ADV -;ADVPRO -
420;;жать;∆ј“№;V ipf - - inf - -;;;что надо куда-то _жать_ и он останавливаетс€;ь;т;а;ж;;;V;∆ј“№;V ipf - - inf - -;V ipf - - inf - -
421;;и;»;CONJ;;;надо куда-то жать _и_ он останавливаетс€ .;и;;;;;;CONJ;»;CONJ;CONJ
422;;он;ќЌ;SPRO sg 3p m nom;;;куда-то жать и _он_ останавливаетс€ . ;н;о;;;;;SPRO;ќЌ;SPRO sg 3p m nom;SPRO sg 3p m nom
423;;останавливаетс€;ќ—“јЌј¬Ћ»¬ј“№—я;V ipf praes sg indic - 3p;;;жать и он _останавливаетс€_ .  ;€;с;т;е;а;в;V;ќ—“јЌј¬Ћ»¬ј“№—я;V ipf praes sg indic - 3p;V ipf praes sg indic - 3p
424;;.;.;PUNCT;SENT;;;;;;;;;PUNCT;;;PUNCT
425;;;;;;;;;;;;;;;;;0
426;"<distinct form=""»и"">";;;;;;;;;;;;;;;;
427;;»;»;CONJ;distort;;.   _»и_ € как-то запаниковала;и;и;;;;;CONJ;»я;S m anim nom sg;CONJ
428;</distinct>;;;;;;;;;;;;;;;;
429;;€;я;SPRO sg 1p - nom;;;  »и _€_ как-то запаниковала .;€;;;;;;SPRO;я;SPRO sg 1p - nom;SPRO sg 1p - nom
430;;как-то; ј -“ќ;ADVPRO -;;; »и € _как-то_ запаниковала . ;о;т;-;к;а;к;ADV; ј -“ќ;ADV -;ADVPRO -
431;;запаниковала;«јѕјЌ» ќ¬ј“№;V pf praet sg indic f -;;;»и € как-то _запаниковала_ .  ;а;л;а;в;о;к;V;«јѕјЌ» ќ¬ј“№;V pf praet sg indic f -;V pf praet sg indic f -
432;;.;.;PUNCT;;;;;;;;;;PUNCT;;;PUNCT
433;;;;;;;;;;;;;;;;;0
434;;я;я;SPRO sg 1p - nom;;;.   _я_ не помню ,;€;;;;;;SPRO;я;SPRO sg 1p - nom;SPRO sg 1p - nom
435;;не;Ќ≈;PART;;;  я _не_ помню , почему;е;н;;;;;PART;Ќ≈;PART;PART
436;;помню;ѕќћЌ»“№;V ipf praes sg indic - 1p;;; я не _помню_ , почему ,;ю;н;м;о;п;;V;ѕќћЌ»“№;V ipf praes sg indic - 1p;V ipf praes sg indic - 1p
437;;,;,;PUNCT;;;;;;;;;;PUNCT;;;PUNCT
438;;почему;ѕќ„≈ћ”;ADVPRO -;;;не помню , _почему_ , но €;у;м;е;ч;о;п;ADV;ѕќ„≈ћ”;ADV -;ADVPRO -
439;;,;,;PUNCT;;;;;;;;;;PUNCT;;;PUNCT
440;;но;Ќќ;CONJ;;;, почему , _но_ € нажала ;о;н;;;;;CONJ;Ќќ;CONJ;CONJ
441;;€;я;SPRO sg 1p - nom;;;почему , но _€_ нажала  токо;€;;;;;;SPRO;я;SPRO sg 1p - nom;SPRO sg 1p - nom
442;;нажала;Ќј∆ј“№;V pf praet sg indic f -;;;, но € _нажала_  токо ;а;л;а;ж;а;н;V;Ќј∆ј“№;V pf praet sg indic f -;V pf praet sg indic f -
443;"<distinct form=""токо"">";;;;;;;;;;;;;;;;0
444;;только;“ќЋ№ ќ;PART;;; токо  _только_  один рычаг;о;к;ь;л;о;т;PART;“ќЋ№ ќ;PART;PART
445;</distinct>;;;;;;;;;;;;;;;;0
446;;один;ќƒ»Ќ;ANUM - acc sg plen m -;;; только  _один_ рычаг , правый;н;и;д;о;;;ANUM;ќƒ»Ќ;A - nom sg plen m -;ANUM - acc sg plen m -
447;;рычаг;–џ„ј√;S m inan acc sg;;;только  один _рычаг_ , правый ,;г;а;ч;ы;р;;S;–џ„ј√;S m inan nom sg;S m inan acc sg
448;;,;,;PUNCT;;;;;;;;;;PUNCT;;;PUNCT
449;;правый;ѕ–ј¬џ…;A - acc sg plen m inan;;;один рычаг , _правый_ , и €;й;ы;в;а;р;п;A;ѕ–ј¬џ…;A - nom sg plen m -;A - acc sg plen m inan
450;;,;,;PUNCT;;;;;;;;;;PUNCT;;;PUNCT
451;;и;»;CONJ;;;, правый , _и_ € лечу вниз;и;;;;;;CONJ;»;CONJ;CONJ
452;;€;я;SPRO sg 1p - nom;;;правый , и _€_ лечу вниз ,;€;;;;;;SPRO;я;SPRO sg 1p - nom;SPRO sg 1p - nom
453;;лечу;Ћ≈“≈“№;V ipf praes sg indic - 1p;;;, и € _лечу_ вниз , жму;у;ч;е;л;;;V;Ћ≈“≈“№;V ipf praes sg indic - 1p;V ipf praes sg indic - 1p
454;;вниз;¬Ќ»«;ADV -;;;и € лечу _вниз_ , жму ,;з;и;н;в;;;ADV;¬Ќ»«;ADV -;ADV -
455;;,;,;PUNCT;;;;;;;;;;PUNCT;;;PUNCT
456;;жму;∆ј“№;V ipf praes sg indic - 1p;;;лечу вниз , _жму_ , у мен€;у;м;ж;;;;V;∆ј“№;V ipf praes sg indic - 1p;V ipf praes sg indic - 1p
457;;,;,;PUNCT;;;;;;;;;;PUNCT;;;PUNCT
458;;у;”;PR;;;, жму , _у_ мен€ тормозит переднее;у;;;;;;PR;”;PR;PR
459;;мен€;я;SPRO sg 1p - gen;;;жму , у _мен€_ тормозит переднее колесо;€;н;е;м;;;SPRO;я;SPRO sg 1p - acc;SPRO sg 1p - gen
460;;тормозит;“ќ–ћќ«»“№;V ipf praes sg indic - 3p;;;, у мен€ _тормозит_ переднее колесо ,;т;и;з;о;м;р;V;“ќ–ћќ«»“№;V ipf praes sg indic - 3p;V ipf praes sg indic - 3p
461;;переднее;ѕ≈–≈ƒЌ»…;A - nom sg plen n inan;;;у мен€ тормозит _переднее_ колесо , и;е;е;н;д;е;р;A;ѕ≈–≈ƒЌ»…;A - acc sg plen n inan;A - nom sg plen n inan
462;;колесо; ќЋ≈—ќ;S n inan nom sg;;;мен€ тормозит переднее _колесо_ , и €;о;с;е;л;о;к;S; ќЋ≈—ќ;S n inan acc sg;S n inan nom sg
463;;,;,;PUNCT;;;;;;;;;;PUNCT;;;PUNCT
464;;и;»;CONJ;;;переднее колесо , _и_ € начинаю переворачиватьс€;и;;;;;;CONJ;»;CONJ;CONJ
465;;€;я;SPRO sg 1p - nom;;;колесо , и _€_ начинаю переворачиватьс€ ,;€;;;;;;SPRO;я;SPRO sg 1p - nom;SPRO sg 1p - nom
466;;начинаю;Ќј„»Ќј“№;V ipf praes sg indic - 1p;;;, и € _начинаю_ переворачиватьс€ , €;ю;а;н;и;ч;а;V;Ќј„»Ќј“№;V ipf praes sg indic - 1p;V ipf praes sg indic - 1p
467;;переворачиватьс€;ѕ≈–≈¬ќ–ј„»¬ј“№—я;V ipf - - inf - -;;;и € начинаю _переворачиватьс€_ , € упала;€;с;ь;т;а;в;V;ѕ≈–≈¬≈–“џ¬ј“№—я;V ipf - - inf - -;V ipf - - inf - -
468;;,;,;PUNCT;;;;;;;;;;PUNCT;;;PUNCT
469;;€;я;SPRO sg 1p - nom;;;начинаю переворачиватьс€ , _€_ упала , ударилась;€;;;;;;SPRO;я;SPRO sg 1p - nom;SPRO sg 1p - nom
470;;упала;”ѕј—“№;V pf praet sg indic f -;;;переворачиватьс€ , € _упала_ , ударилась спиной;а;л;а;п;у;;V;”ѕј—“№;V pf praet sg indic f -;V pf praet sg indic f -
471;;,;,;PUNCT;;;;;;;;;;PUNCT;;;PUNCT
472;;ударилась;”ƒј–»“№—я;V pf praet sg indic f -;;;€ упала , _ударилась_ спиной , головой;ь;с;а;л;и;р;V;”ƒј–»“№—я;V pf praet sg indic f -;V pf praet sg indic f -
473;;спиной;—ѕ»Ќј;S f inan ins sg;;;упала , ударилась _спиной_ , головой ,;й;о;н;и;п;с;S;—ѕ»Ќј;S f inan ins sg;S f inan ins sg
474;;,;,;PUNCT;;;;;;;;;;PUNCT;;;PUNCT
475;;головой;√ќЋќ¬ј;S f inan ins sg;;;ударилась спиной , _головой_ , у мен€;й;о;в;о;л;о;S;√ќЋќ¬ј;S f inan ins sg;S f inan ins sg
476;;,;,;PUNCT;;;;;;;;;;PUNCT;;;PUNCT
477;;у;”;PR;;;, головой , _у_ мен€ велосипед полетел;у;;;;;;PR;”;PR;PR
478;;мен€;я;SPRO sg 1p - gen;;;головой , у _мен€_ велосипед полетел ,;€;н;е;м;;;SPRO;я;SPRO sg 1p - acc;SPRO sg 1p - gen
479;;велосипед;¬≈Ћќ—»ѕ≈ƒ;S m inan nom sg;;;, у мен€ _велосипед_ полетел , слава;д;е;п;и;с;о;S;¬≈Ћќ—»ѕ≈ƒ;S m inan acc sg;S m inan nom sg
480;;полетел;ѕќЋ≈“≈“№;V pf praet sg indic m -;;;у мен€ велосипед _полетел_ , слава богу;л;е;т;е;л;о;V;ѕќЋ≈“≈“№;V pf praet sg indic m -;V pf praet sg indic m -
481;;,;,;PUNCT;;;;;;;;;;PUNCT;;;PUNCT
482;;слава;—Ћј¬ј;S f inan nom sg;;;велосипед полетел , _слава_ богу он попал;а;в;а;л;с;;S;—Ћј¬ј;S f inan nom sg;S f inan nom sg
483;;богу;Ѕќ√;S m anim dat sg;;;полетел , слава _богу_ он попал в;у;г;о;б;;;S;Ѕќ√;S m anim dat sg;S m anim dat sg
484;;он;ќЌ;SPRO sg 3p m nom;;;, слава богу _он_ попал в кусты;н;о;;;;;SPRO;ќЌ;SPRO sg 3p m nom;SPRO sg 3p m nom
485;;попал;ѕќѕј—“№;V pf praet sg indic m -;;;слава богу он _попал_ в кусты ,;л;а;п;о;п;;V;ѕќѕјƒј“№;V pf praet sg indic m -;V pf praet sg indic m -
486;;в;¬;PR;;;богу он попал _в_ кусты , а;в;;;;;;PR;¬;PR;PR
487;;кусты; ”—“;S m inan acc pl;;;он попал в _кусты_ , а не;ы;т;с;у;к;;S; ”—“;S m inan acc pl;S m inan acc pl
488;;,;,;PUNCT;;;;;;;;;;PUNCT;;;PUNCT
489;;а;ј;CONJ;;;в кусты , _а_ не в машину;а;;;;;;CONJ;ј;CONJ;CONJ
490;;не;Ќ≈;PART;;;кусты , а _не_ в машину ,;е;н;;;;;PART;Ќ≈;PART;PART
491;;в;¬;PR;;;, а не _в_ машину , машина;в;;;;;;PR;¬;PR;PR
492;;машину;ћјЎ»Ќј;S f inan acc sg;;;а не в _машину_ , машина затормозила;у;н;и;ш;а;м;S;ћјЎ»Ќј;S f inan acc sg;S f inan acc sg
493;;,;,;PUNCT;;;;;;;;;;PUNCT;;;PUNCT
494;;машина;ћјЎ»Ќј;S f inan nom sg;;;в машину , _машина_ затормозила , было;а;н;и;ш;а;м;S;ћјЎ»Ќ;S f inan nom sg;S f inan nom sg
495;;затормозила;«ј“ќ–ћќ«»“№;V pf praet sg indic f -;;;машину , машина _затормозила_ , было очень;а;л;и;з;о;м;V;«ј“ќ–ћќ«»“№;V pf praet sg indic f -;V pf praet sg indic f -
496;;,;,;PUNCT;;;;;;;;;;PUNCT;;;PUNCT
497;;было;Ѕџ“№;V ipf praet sg indic n -;;;машина затормозила , _было_ очень больно ,;о;л;ы;б;;;V;Ѕџ“№;V ipf praet sg indic n -;V ipf praet sg indic n -
498;;очень;ќ„≈Ќ№;ADV -;;;затормозила , было _очень_ больно , это;ь;н;е;ч;о;;ADV;ќ„≈Ќ№;ADV -;ADV -
499;;больно;ЅќЋ№Ќќ;PRAEDIC -;;;, было очень _больно_ , это увидел;о;н;ь;л;о;б;ADV;ЅќЋ№Ќќ;ADV -;PRAEDIC -
500;;,;,;PUNCT;;;;;;;;;;PUNCT;;;PUNCT
501;;это;Ё“ќ;SPRO n - acc sg;;;очень больно , _это_ увидел папа из;о;т;э;;;;SPRO;Ё“ќ;S n - nom sg;SPRO n - acc sg
502;;увидел;”¬»ƒ≈“№;V pf praet sg indic m -;;;больно , это _увидел_ папа из дома;л;е;д;и;в;у;V;”¬»ƒ≈“№;V pf praet sg indic m -;V pf praet sg indic m -
503;;папа;ѕјѕј;S m anim nom sg;;;, это увидел _папа_ из дома ,;а;п;а;п;;;S;ѕјѕј;S m anim nom sg;S m anim nom sg
504;;из;»«;PR;;;это увидел папа _из_ дома , он;з;и;;;;;PR;»«;PR;PR
505;;дома;ƒќћ;"S m inan gen sg
";;;увидел папа из _дома_ , он прибежал;а;м;о;д;;;ADV;ƒќћј;ADV -;"S m inan gen sg
"
506;;,;,;PUNCT;;;;;;;;;;PUNCT;;;PUNCT
507;;он;ќЌ;SPRO sg 3p m nom;;;из дома , _он_ прибежал , там;н;о;;;;;SPRO;ќЌ;SPRO sg 3p m nom;SPRO sg 3p m nom
508;;прибежал;ѕ–»Ѕ≈∆ј“№;V pf praet sg indic m -;;;дома , он _прибежал_ , там были;л;а;ж;е;б;и;V;ѕ–»Ѕ≈∆ј“№;V pf praet sg indic m -;V pf praet sg indic m -
509;;,;,;PUNCT;;;;;;;;;;PUNCT;;;PUNCT
510;;там;“јћ;ADVPRO -;;;он прибежал , _там_ были такие крики;м;а;т;;;;ADV;“јћ;ADV -;ADVPRO -
511;;были;Ѕџ“№;V ipf praet pl indic - -;;;прибежал , там _были_ такие крики ,;и;л;ы;б;;;V;Ѕџ“№;V ipf praet pl indic - -;V ipf praet pl indic - -
512;;такие;“ј ќ…;APRO - nom pl plen m inan;;;, там были _такие_ крики , он;е;и;к;а;т;;APRO;“ј ќ…;A - nom pl plen - -;APRO - nom pl plen m inan
513;;крики; –» ;S m inan nom pl;;;там были такие _крики_ , он :;и;к;и;р;к;;S; –» ;S m inan nom pl;S m inan nom pl
514;;,;,;PUNCT;;;;;;;;;;PUNCT;;;PUNCT
515;;он;ќЌ;SPRO sg 3p m nom;;;такие крики , _он_ : јЋ®Ќј “џ;н;о;;;;;SPRO;ќЌ;SPRO sg 3p m nom;SPRO sg 3p m nom
516;;:;:;PUNCT;;;;;;;;;;PUNCT;;;PUNCT
517;;јЋ®Ќј;јЋ≈Ќј;S f anim nom sg;;;, он : _јЋ®Ќј_ “џ ¬»ƒ»Ў№ ¬»ƒ»Ў№;а;н;Є;л;а;;S;јЋ≈Ќј;S f anim nom sg;S f anim nom sg
518;;“џ;“џ;SPRO sg 2p - nom;;;он : јЋ®Ќј _“џ_ ¬»ƒ»Ў№ ¬»ƒ»Ў№ Ў≈¬≈Ћ»“№—я;ы;т;;;;;SPRO;“џ;SPRO sg 2p - nom;SPRO sg 2p - nom
519;;¬»ƒ»Ў№;¬»ƒ≈“№;V ipf praes sg indic - 2p;;;: јЋ®Ќј “џ _¬»ƒ»Ў№_ ¬»ƒ»Ў№ Ў≈¬≈Ћ»“№—я ћќ∆≈Ў№;ь;ш;и;д;и;в;V;¬»ƒ≈“№;V ipf praes sg indic - 2p;V ipf praes sg indic - 2p
520;;¬»ƒ»Ў№;¬»ƒ≈“№;V ipf praes sg indic - 2p;;;јЋ®Ќј “џ ¬»ƒ»Ў№ _¬»ƒ»Ў№_ Ў≈¬≈Ћ»“№—я ћќ∆≈Ў№ Ў≈¬≈Ћ»;ь;ш;и;д;и;в;V;¬»ƒ≈“№;V ipf praes sg indic - 2p;V ipf praes sg indic - 2p
521;;Ў≈¬≈Ћ»“№—я;Ў≈¬≈Ћ»“№—я;V ipf - - inf - -;;;“џ ¬»ƒ»Ў№ ¬»ƒ»Ў№ _Ў≈¬≈Ћ»“№—я_ ћќ∆≈Ў№ Ў≈¬≈Ћ» –” јћ»;€;с;ь;т;и;л;V;Ў≈¬≈Ћ»“№—я;V ipf - - inf - -;V ipf - - inf - -
522;;ћќ∆≈Ў№;ћќ„№;V ipf praes sg indic - 2p;;;¬»ƒ»Ў№ ¬»ƒ»Ў№ Ў≈¬≈Ћ»“№—я _ћќ∆≈Ў№_ Ў≈¬≈Ћ» –” јћ» Ќќ√јћ»;ь;ш;е;ж;о;м;V;ћќ„№;V ipf praes sg indic - 2p;V ipf praes sg indic - 2p
523;;Ў≈¬≈Ћ»;Ў≈¬≈Ћ»“№;V ipf - sg imper - 2p;;;¬»ƒ»Ў№ Ў≈¬≈Ћ»“№—я ћќ∆≈Ў№ _Ў≈¬≈Ћ»_ –” јћ» Ќќ√јћ» .;и;л;е;в;е;ш;V;Ў≈¬≈Ћ»“№;V ipf - sg imper - 2p;V ipf - sg imper - 2p
524;;–” јћ»;–” ј;S f inan ins pl;;;Ў≈¬≈Ћ»“№—я ћќ∆≈Ў№ Ў≈¬≈Ћ» _–” јћ»_ Ќќ√јћ» . ;и;м;а;к;у;р;S;–” ј;S m anim nom sg;S f inan ins pl
525;;Ќќ√јћ»;Ќќ√ј;S f inan ins pl;;;ћќ∆≈Ў№ Ў≈¬≈Ћ» –” јћ» _Ќќ√јћ»_ .  ;и;м;а;г;о;н;S;Ќќ√ј;S m anim nom sg;S f inan ins pl
526;;.;.;PUNCT;SENT;;;;;;;;;PUNCT;;;PUNCT
527;;;;;;;;;;;;;;;;;0
528;"<distinct form=""воот"">";;;;;;;;;;;;;;;;
529;;¬от;¬ќ“;"PART
";;;.   _¬оот_ , ии это;т;о;о;в;;;PARENTH;¬ќќ“;PARENTH;"PART
"
530;</distinct>;;;;;;;;;;;;;;;;
531;;,;,;PUNCT;;;;;;;;;;PUNCT;;;PUNCT
532;"<distinct form=""ии"">";;;;;;;;;;;;;;;;
533;;и;»;CONJ;;; ¬оот , _ии_ это было очень;и;и;;;;;CONJ;»;CONJ;CONJ
534;</distinct>;;;;;;;;;;;;;;;;
535;;это;Ё“ќ;SPRO n - nom sg;;;¬оот , ии _это_ было очень страшно;о;т;э;;;;SPRO;Ё“ќ;S n - nom sg;SPRO n - nom sg
536;;было;Ѕџ“№;V ipf praet sg indic n -;;;, ии это _было_ очень страшно ,;о;л;ы;б;;;V;Ѕџ“№;V ipf praet sg indic n -;V ipf praet sg indic n -
537;;очень;ќ„≈Ќ№;ADV -;;;ии это было _очень_ страшно , но;ь;н;е;ч;о;;ADV;ќ„≈Ќ№;ADV -;ADV -
538;;страшно;—“–јЎЌќ;PRAEDIC -;;;это было очень _страшно_ , но у;о;н;ш;а;р;т;ADV;—“–јЎЌќ;ADV -;PRAEDIC -
539;;,;,;PUNCT;;;;;;;;;;PUNCT;;;PUNCT
540;;но;Ќќ;CONJ;;;очень страшно , _но_ у мен€ все;о;н;;;;;CONJ;Ќќ;CONJ;CONJ
541;;у;”;PR;;;страшно , но _у_ мен€ все было;у;;;;;;PR;”;PR;PR
542;;мен€;я;SPRO sg 1p - gen;;;, но у _мен€_ все было хорошо;€;н;е;м;;;SPRO;я;SPRO sg 1p - acc;SPRO sg 1p - gen
543;;все;¬—≈;SPRO - - acc pl;;;но у мен€ _все_ было хорошо .;е;с;в;;;;S;¬—≈;S - - acc pl;SPRO - - acc pl
544;;было;Ѕџ“№;V ipf praet sg indic n -;;;у мен€ все _было_ хорошо . ;о;л;ы;б;;;V;Ѕџ“№;V ipf praet sg indic n -;V ipf praet sg indic n -
545;;хорошо;’ќ–ќЎќ;PRAEDIC -;;;мен€ все было _хорошо_ .  ;о;ш;о;р;о;х;ADV;’ќ–ќЎќ;ADV -;PRAEDIC -
546;;.;.;PUNCT;SENT;;;;;;;;;PUNCT;;;PUNCT
547;;;;;;;;;;;;;;;;;0
548;;ћой;ћќ…;APRO - nom sg plen m inan;;;.   _ћой_ велосипед попал в;й;о;м;;;;APRO;ћќ…;A - nom sg plen m -;APRO - nom sg plen m inan
549;;велосипед;¬≈Ћќ—»ѕ≈ƒ;S m inan nom sg;;;  ћой _велосипед_ попал в какие-то;д;е;п;и;с;о;S;¬≈Ћќ—»ѕ≈ƒ;S m inan nom sg;S m inan nom sg
550;;попал;ѕќѕј—“№;V pf praet sg indic m -;;; ћой велосипед _попал_ в какие-то заросли;л;а;п;о;п;;V;ѕќѕјƒј“№;V pf praet sg indic m -;V pf praet sg indic m -
551;;в;¬;PR;;;ћой велосипед попал _в_ какие-то заросли ,;в;;;;;;PR;¬;PR;PR
552;;какие-то; ј ќ…-“ќ;APRO - acc pl plen - inan;;;велосипед попал в _какие-то_ заросли , там;о;т;-;е;и;к;APRO; ј ќ…-“ќ;A - acc pl plen - inan;APRO - acc pl plen - inan
553;;заросли;«ј–ќ—Ћ№;S f inan acc pl;;;попал в какие-то _заросли_ , там было;и;л;с;о;р;а;S;«ј–ќ—Ћ№;S f inan acc pl;S f inan acc pl
554;;,;,;PUNCT;;;;;;;;;;PUNCT;;;PUNCT
555;;там;“јћ;ADVPRO -;;;какие-то заросли , _там_ было куча крапивы;м;а;т;;;;ADV;“јћ;ADV -;ADVPRO -
556;;было;Ѕџ“№;V ipf praet sg indic n -;;;заросли , там _было_ куча крапивы ,;о;л;ы;б;;;V;Ѕџ“№;V ipf praet sg indic n -;V ipf praet sg indic n -
557;;куча; ”„ј;S f inan nom sg;;;, там было _куча_ крапивы , мусора;а;ч;у;к;;;S; ”„ј;S f inan nom sg;S f inan nom sg
558;;крапивы; –јѕ»¬ј;S f inan gen sg;;;там было куча _крапивы_ , мусора ,;ы;в;и;п;а;р;S; –јѕ»¬ј;S f inan gen sg;S f inan gen sg
559;;,;,;PUNCT;;;;;;;;;;PUNCT;;;PUNCT
560;;мусора;ћ”—ќ–;S m inan gen sg;;;куча крапивы , _мусора_ , битое стекло;а;р;о;с;у;м;S;ћ”—ќ–;S m inan gen sg;S m inan gen sg
561;;,;,;PUNCT;;;;;;;;;;PUNCT;;;PUNCT
562;;битое;Ѕ»“џ…;A - nom sg plen n inan;;;, мусора , _битое_ стекло . ;е;о;т;и;б;;A;Ѕ»“џ…;A - acc sg plen n -;A - nom sg plen n inan
563;;стекло;—“≈ Ћќ;S n inan acc sg;;;мусора , битое _стекло_ .  ;о;л;к;е;т;с;S;—“≈ Ћќ;S n inan acc sg;S n inan acc sg
564;;.;.;PUNCT;SENT;;;;;;;;;PUNCT;;;PUNCT
565;;;;;;;;;;;;;;;;;0
566;;ћы;ћџ;SPRO pl 1p - nom;;;.   _ћы_ пока его доставали;ы;м;;;;;SPRO;ћџ;SPRO pl 1p - nom;SPRO pl 1p - nom
567;;пока;ѕќ ј;ADV -;;;  ћы _пока_ его доставали ,;а;к;о;п;;;ADV;ѕќ ј;ADV -;ADV -
568;;его;ќЌ;SPRO sg 3p m acc;;; ћы пока _его_ доставали , не;о;г;е;;;;SPRO;ќЌ;SPRO sg 3p m acc;SPRO sg 3p m acc
569;;доставали;ƒќ—“ј¬ј“№;V ipf praet pl indic - -;;;ћы пока его _доставали_ , не ;и;л;а;в;а;т;V;ƒќ—“ј¬ј“№;V ipf praet pl indic - -;V ipf praet pl indic - -
570;;,;,;PUNCT;;;;;;;;;;PUNCT;;;PUNCT
571;;не;Ќ≈;PART;;;его доставали , _не_  знай ;е;н;;;;;PART;Ќ≈;PART;PART
572;"<distinct form=""знай"">";;;;;;;;;;;;;;;;0
573;;знаю;«Ќј“№;V ipf praes sg indic - 1p;;; знай  _знаю_  , мне;ю;а;н;з;;;V;«Ќј“№;V ipf praes sg indic - 1p;V ipf praes sg indic - 1p
574;</distinct>;;;;;;;;;;;;;;;;0
575;;,;,;PUNCT;;;;;;;;;;PUNCT;;;PUNCT
576;;мне;я;SPRO sg 1p - dat;;;знаю  , _мне_ кажетс€ , было;е;н;м;;;;SPRO;я;SPRO sg 1p - dat;SPRO sg 1p - dat
577;;кажетс€; ј∆≈“—я;ADV -;;; , мне _кажетс€_ , было шансов;€;с;т;е;ж;а;ADV; ј∆≈“—я;ADV -;ADV -
578;;,;,;PUNCT;;;;;;;;;;PUNCT;;;PUNCT
579;;было;Ѕџ“№;V ipf praet sg indic n -;;;мне кажетс€ , _было_ шансов травмироватьс€ куда;о;л;ы;б;;;V;Ѕџ“№;V ipf praet sg indic n -;V ipf praet sg indic n -
580;;шансов;ЎјЌ—;S m inan gen pl;;;кажетс€ , было _шансов_ травмироватьс€ куда как;в;о;с;н;а;ш;S;ЎјЌ—;S m inan gen pl;S m inan gen pl
581;;травмироватьс€;“–ј¬ћ»–ќ¬ј“№—я;V pf - - inf - -;;;, было шансов _травмироватьс€_ куда как больше;€;с;ь;т;а;в;V;“–ј¬ћ»–ќ¬ј“№—я;V pf - - inf - -;V pf - - inf - -
582;;куда; ”ƒј;ADV -;;;было шансов травмироватьс€ _куда_ как больше ,;а;д;у;к;;;ADV; ”ƒј;ADV -;ADV -
583;;как; ј ;CONJ;;;шансов травмироватьс€ куда _как_ больше , если;к;а;к;;;;CONJ; ј ;CONJ;CONJ
584;;больше;ћЌќ√ќ;ADV comp;;;травмироватьс€ куда как _больше_ , если упасть;е;ш;ь;л;о;б;ADV;ћЌќ√ќ;ADV comp;ADV comp
585;;,;,;PUNCT;;;;;;;;;;PUNCT;;;PUNCT
586;;если;≈—Ћ»;CONJ;;;как больше , _если_ упасть с самого;и;л;с;е;;;CONJ;≈—Ћ»;CONJ;CONJ
587;;упасть;”ѕј—“№;V pf - - inf - -;;;больше , если _упасть_ с самого велосипеда;ь;т;с;а;п;у;V;”ѕј—“№;V pf - - inf - -;V pf - - inf - -
588;;с;—;PR;;;, если упасть _с_ самого велосипеда .;с;;;;;;PR;—;PR;PR
589;;самого;—јћџ…;A - gen sg plen m inan;;;если упасть с _самого_ велосипеда . ;о;г;о;м;а;с;A;—јћџ…;A - gen sg plen m -;A - gen sg plen m inan
590;;велосипеда;¬≈Ћќ—»ѕ≈ƒ;S m inan gen sg;;;упасть с самого _велосипеда_ .  ;а;д;е;п;и;с;S;¬≈Ћќ—»ѕ≈ƒ;S m inan gen sg;S m inan gen sg
591;;.;.;PUNCT;SENT;;;;;;;;;PUNCT;;;PUNCT
592;;;;;;;;;;;;;;;;;0
593;"<speech role=""јлена@"" />";;;;;;;;;;;;;;;;0
594;;¬от;¬ќ“;PART;;;   _¬от_ , но на;т;о;в;;;;PART;¬ќ“;PART;PART
595;;,;,;PUNCT;;;;;;;;;;PUNCT;;;PUNCT
596;;но;Ќќ;CONJ;;; ¬от , _но_ на этом мои;о;н;;;;;CONJ;Ќќ;CONJ;CONJ
597;;на;Ќј;PR;;;¬от , но _на_ этом мои летние;а;н;;;;;PR;Ќј;PR;PR
598;;этом;Ё“ќ;SPRO n - loc sg;;;, но на _этом_ мои летние приключени€;м;о;т;э;;;SPRO;Ё“ќ“;A - loc sg plen m -;SPRO n - loc sg
599;;мои;ћќ…;APRO - nom pl plen n inan;;;но на этом _мои_ летние приключени€ как бы;и;о;м;;;;APRO;ћќ…;A - nom pl plen - -;APRO - nom pl plen n inan
600;;летние;Ћ≈“Ќ»…;A - nom pl plen n inan;;;на этом мои _летние_ приключени€ как бы не;е;и;н;т;е;л;A;Ћ≈“Ќ»…;A - nom pl plen - -;A - nom pl plen n inan
601;;приключени€;ѕ–» Ћё„≈Ќ»≈;S n inan nom pl;;;этом мои летние _приключени€_ как бы не заканчивались;€;и;н;е;ч;ю;S;ѕ–» Ћё„≈Ќ»≈;S n inan nom pl;S n inan nom pl
602;;как бы;как бы;PART;;;мои летние приключени€ _как бы_ не заканчивались ,;ы;б; ;к;а;к;PART;как бы;ADV -;PART
603;;не;Ќ≈;PART;;;летние приключени€ как бы _не_ заканчивались , вот;е;н;;;;;PART;Ќ≈;PART;PART
604;;заканчивались;«ј јЌ„»¬ј“№—я;V ipf praet pl indic - -;;;приключени€ как бы не _заканчивались_ , вот €;ь;с;и;л;а;в;V;«ј јЌ„»¬ј“№—я;V ipf praet pl indic - -;V ipf praet pl indic - -
605;;,;,;PUNCT;;;;;;;;;;PUNCT;;;PUNCT
606;;вот;¬ќ“;PART;;;не заканчивались , _вот_ € научилась кататьс€;т;о;в;;;;PART;¬ќ“;PART;PART
607;;€;я;SPRO sg 1p - nom;;;заканчивались , вот _€_ научилась кататьс€ ,;€;;;;;;SPRO;я;SPRO sg 1p - nom;SPRO sg 1p - nom
608;;научилась;Ќј”„»“№—я;V pf praet sg indic f -;;;, вот € _научилась_ кататьс€ , мы;ь;с;а;л;и;ч;V;Ќј”„»“№—я;V pf praet sg indic f -;V pf praet sg indic f -
609;;кататьс€; ј“ј“№—я;V ipf - - inf - -;;;вот € научилась _кататьс€_ , мы ездили;€;с;ь;т;а;т;V; ј“ј“№—я;V ipf - - inf - -;V ipf - - inf - -
610;;,;,;PUNCT;;;;;;;;;;PUNCT;;;PUNCT
611;;мы;ћџ;SPRO pl 1p - nom;;;научилась кататьс€ , _мы_ ездили вместе с;ы;м;;;;;SPRO;ћџ;SPRO pl 1p - nom;SPRO pl 1p - nom
612;;ездили;≈«ƒ»“№;V ipf praet pl indic - -;;;кататьс€ , мы _ездили_ вместе с мальчиками;и;л;и;д;з;е;V;≈«ƒ»“№;V ipf praet pl indic - -;V ipf praet pl indic - -
613;;вместе;¬ћ≈—“≈;ADV -;;;, мы ездили _вместе_ с мальчиками всегда;е;т;с;е;м;в;ADV;¬ћ≈—“≈;ADV -;ADV -
614;;с;—;PR;;;мы ездили вместе _с_ мальчиками всегда ,;с;;;;;;PR;—;PR;PR
615;;мальчиками;ћјЋ№„» ;S m anim ins pl;;;ездили вместе с _мальчиками_ всегда , они;и;м;а;к;и;ч;S;ћјЋ№„» ;S m anim ins pl;S m anim ins pl
616;;всегда;¬—≈√ƒј;ADV -;;;вместе с мальчиками _всегда_ , они ездили;а;д;г;е;с;в;ADV;¬—≈√ƒј;ADV -;ADV -
617;;,;,;PUNCT;;;;;;;;;;PUNCT;;;PUNCT
618;;они;ќЌ»;SPRO pl 3p m nom;;;мальчиками всегда , _они_ ездили в лес;и;н;о;;;;SPRO;ќЌ»;SPRO pl - - nom;SPRO pl 3p m nom
619;;ездили;≈«ƒ»“№;V ipf praet pl indic - -;;;всегда , они _ездили_ в лес ,;и;л;и;д;з;е;V;≈«ƒ»“№;V ipf praet pl indic - -;V ipf praet pl indic - -
620;;в;¬;PR;;;, они ездили _в_ лес , в;в;;;;;;PR;¬;PR;PR
621;;лес;Ћ≈—;S m inan acc sg;;;они ездили в _лес_ , в поле;с;е;л;;;;S;Ћ≈—;S m inan acc sg;S m inan acc sg
622;;,;,;PUNCT;;;;;;;;;;PUNCT;;;PUNCT
623;;в;¬;PR;;;в лес , _в_ поле , на;в;;;;;;PR;¬;PR;PR
624;;поле;ѕќЋ≈;S n inan loc sg;;;лес , в _поле_ , на рыбалку;е;л;о;п;;;S;ѕќЋ≈;S n inan loc sg;S n inan loc sg
625;;,;,;PUNCT;;;;;;;;;;PUNCT;;;PUNCT
626;;на;Ќј;PR;;;в поле , _на_ рыбалку , мы;а;н;;;;;PR;Ќј;PR;PR
627;;рыбалку;–џЅјЋ ј;S f inan acc sg;;;поле , на _рыбалку_ , мы ездили;у;к;л;а;б;ы;S;–џЅјЋ ј;S f inan acc sg;S f inan acc sg
628;;,;,;PUNCT;;;;;;;;;;PUNCT;;;PUNCT
629;;мы;ћџ;SPRO pl 1p - nom;;;на рыбалку , _мы_ ездили на поле;ы;м;;;;;SPRO;ћџ;SPRO pl 1p - nom;SPRO pl 1p - nom
630;;ездили;≈«ƒ»“№;V ipf praet pl indic - -;;;рыбалку , мы _ездили_ на поле играть;и;л;и;д;з;е;V;≈«ƒ»“№;V ipf praet pl indic - -;V ipf praet pl indic - -
631;;на;Ќј;PR;;;, мы ездили _на_ поле играть в;а;н;;;;;PR;Ќј;PR;PR
632;;поле;ѕќЋ≈;S n inan loc sg;;;мы ездили на _поле_ играть в пр€тки;е;л;о;п;;;S;ѕќЋ≈;S n inan loc sg;S n inan loc sg
633;;играть;»√–ј“№;V ipf - - inf - -;;;ездили на поле _играть_ в пр€тки .;ь;т;а;р;г;и;V;»√–ј“№;V ipf - - inf - -;V ipf - - inf - -
634;;в;¬;PR;;;на поле играть _в_ пр€тки . ;в;;;;;;PR;¬;PR;PR
635;;пр€тки;ѕ–я“ »;S - inan acc pl;;;поле играть в _пр€тки_ .  ;и;к;т;€;р;п;S;ѕ–я“ »;S - inan acc pl;S - inan acc pl
636;;.;.;PUNCT;SENT;;;;;;;;;PUNCT;;;PUNCT
637;;;;;;;;;;;;;;;;;0
638;;Ёто;Ё“ќ;SPRO n - nom sg;;;.   _Ёто_ когда ты сидишь;о;т;э;;;;SPRO;Ё“ќ;S n - nom sg;SPRO n - nom sg
639;;когда; ќ√ƒј;CONJ;;;  Ёто _когда_ ты сидишь в;а;д;г;о;к;;CONJ; ќ√ƒј;CONJ;CONJ
640;;ты;“џ;SPRO sg 2p - nom;;; Ёто когда _ты_ сидишь в траве;ы;т;;;;;SPRO;“џ;SPRO sg 2p - nom;SPRO sg 2p - nom
641;;сидишь;—»ƒ≈“№;V ipf praes sg indic - 2p;;;Ёто когда ты _сидишь_ в траве ,;ь;ш;и;д;и;с;V;—»ƒ≈“№;V ipf praes sg indic - 2p;V ipf praes sg indic - 2p
642;;в;¬;PR;;;когда ты сидишь _в_ траве , в;в;;;;;;PR;¬;PR;PR
643;;траве;“–ј¬ј;S f inan loc sg;;;ты сидишь в _траве_ , в пшенице;е;в;а;р;т;;S;“–ј¬ј;S f inan loc sg;S f inan loc sg
644;;,;,;PUNCT;;;;;;;;;;PUNCT;;;PUNCT
645;;в;¬;PR;;;в траве , _в_ пшенице , и;в;;;;;;PR;¬;PR;PR
646;;пшенице;ѕЎ≈Ќ»÷ј;S f inan loc sg;;;траве , в _пшенице_ , и теб€;е;ц;и;н;е;ш;S;ѕЎ≈Ќ»÷ј;S f inan loc sg;S f inan loc sg
647;;,;,;PUNCT;;;;;;;;;;PUNCT;;;PUNCT
648;;и;»;CONJ;;;в пшенице , _и_ теб€ не видно;и;;;;;;CONJ;»;CONJ;CONJ
649;;теб€;“џ;SPRO sg 2p - gen;;;пшенице , и _теб€_ не видно и;€;б;е;т;;;SPRO;“џ;SPRO sg 2p - acc;SPRO sg 2p - gen
650;;не;Ќ≈;PART;;;, и теб€ _не_ видно и кажетс€;е;н;;;;;PART;Ќ≈;PART;PART
651;;видно;¬»ƒЌќ;ADV -;;;и теб€ не _видно_ и кажетс€ ,;о;н;д;и;в;;ADV;¬»ƒЌќ;ADV -;ADV -
652;;и;»;CONJ;;;теб€ не видно _и_ кажетс€ , что;и;;;;;;CONJ;»;CONJ;CONJ
653;;кажетс€; ј«ј“№—я;V ipf praes sg indic - 3p;;;не видно и _кажетс€_ , что теб€;€;с;т;е;ж;а;ADV; ј∆≈“—я;ADV -;V ipf praes sg indic - 3p
654;;,;,;PUNCT;;;;;;;;;;PUNCT;;;PUNCT
655;;что;„“ќ;CONJ;;;и кажетс€ , _что_ теб€ вообще невозможно;о;т;ч;;;;CONJ;„“ќ;CONJ;CONJ
656;;теб€;“џ;SPRO sg 2p - acc;;;кажетс€ , что _теб€_ вообще невозможно найти;€;б;е;т;;;SPRO;“џ;SPRO sg 2p - acc;SPRO sg 2p - acc
657;;вообще;¬ќќЅў≈;ADV -;;;, что теб€ _вообще_ невозможно найти ,;е;щ;б;о;о;в;ADV;¬ќќЅў≈;ADV -;ADV -
658;;невозможно;Ќ≈¬ќ«ћќ∆Ќќ;PRAEDIC -;;;что теб€ вообще _невозможно_ найти , но;о;н;ж;о;м;з;ADV;Ќ≈¬ќ«ћќ∆Ќќ;ADV -;PRAEDIC -
659;;найти;Ќј…“»;V pf - - inf - -;;;теб€ вообще невозможно _найти_ , но тем не менее;и;т;й;а;н;;V;Ќј…“»;V pf - - inf - -;V pf - - inf - -
660;;,;,;PUNCT;;;;;;;;;;PUNCT;;;PUNCT
661;;но;Ќќ;CONJ;;;невозможно найти , _но_ тем не менее там были;о;н;;;;;CONJ;Ќќ;CONJ;CONJ
662;;тем не менее;тем не менее;ADV -;;;найти , но _тем не менее_ там были очень;е;е;н;е;м; ;ADV;тем не менее;ADV -;ADV -
663;;там;“јћ;ADVPRO -;;;, но тем не менее _там_ были очень высокие;м;а;т;;;;ADV;“јћ;ADV -;ADVPRO -
664;;были;Ѕџ“№;V ipf praet pl indic - -;;;но тем не менее там _были_ очень высокие мальчики;и;л;ы;б;;;V;Ѕџ“№;V ipf praet pl indic - -;V ipf praet pl indic - -
665;;очень;ќ„≈Ќ№;ADV -;;;тем не менее там были _очень_ высокие мальчики и;ь;н;е;ч;о;;ADV;ќ„≈Ќ№;ADV -;ADV -
666;;высокие;¬џ—ќ »…;A - nom pl plen m anim;;;там были очень _высокие_ мальчики и мен€;е;и;к;о;с;ы;A;¬џ—ќ »…;A - nom pl plen - -;A - nom pl plen m anim
667;;мальчики;ћјЋ№„» ;S m anim nom pl;;;были очень высокие _мальчики_ и мен€ всегда;и;к;и;ч;ь;л;S;ћјЋ№„» ;S m anim nom pl;S m anim nom pl
668;;и;»;CONJ;;;очень высокие мальчики _и_ мен€ всегда находили;и;;;;;;CONJ;»;CONJ;CONJ
669;;мен€;я;SPRO sg 1p - acc;;;высокие мальчики и _мен€_ всегда находили .;€;н;е;м;;;SPRO;я;SPRO sg 1p - acc;SPRO sg 1p - acc
670;;всегда;¬—≈√ƒј;ADVPRO -;;;мальчики и мен€ _всегда_ находили . ;а;д;г;е;с;в;ADV;¬—≈√ƒј;ADV -;ADVPRO -
671;;находили;Ќј’ќƒ»“№;V ipf praet pl indic - -;;;и мен€ всегда _находили_ .  ;и;л;и;д;о;х;V;Ќј’ќƒ»“№;V ipf praet pl indic - -;V ipf praet pl indic - -
672;;.;.;PUNCT;SENT;;;;;;;;;PUNCT;;;PUNCT
673;;;;;;;;;;;;;;;;;0
674;;я;я;SPRO sg 1p - nom;;;.   _я_ думаю , что;€;;;;;;SPRO;я;SPRO sg 1p - nom;SPRO sg 1p - nom
675;;думаю;ƒ”ћј“№;V ipf praes sg indic - 1p;;;  я _думаю_ , что самый;ю;а;м;у;д;;V;ƒ”ћј“№;V ipf praes sg indic - 1p;V ipf praes sg indic - 1p
676;;,;,;PUNCT;;;;;;;;;;PUNCT;;;PUNCT
677;;что;„“ќ;CONJ;;;я думаю , _что_ самый экстремальный вид;о;т;ч;;;;CONJ;„“ќ;CONJ;CONJ
678;;самый;—јћџ…;APRO - nom sg plen m inan;;;думаю , что _самый_ экстремальный вид игр;й;ы;м;а;с;;A;—јћџ…;A - nom sg plen m -;APRO - nom sg plen m inan
679;;экстремальный;Ё —“–≈ћјЋ№Ќџ…;A - nom sg plen m inan;;;, что самый _экстремальный_ вид игр у;й;ы;н;ь;л;а;A;Ё —“–≈ћјЋ№Ќџ…;A - nom sg plen m -;A - nom sg plen m inan
680;;вид;¬»ƒ;S m inan nom sg;;;что самый экстремальный _вид_ игр у нас;д;и;в;;;;S;¬»ƒ;S m inan nom sg;S m inan nom sg
681;;игр;»√–ј;S f inan gen pl;;;самый экстремальный вид _игр_ у нас был;р;г;и;;;;S;»√–ј;S f inan gen pl;S f inan gen pl
682;;у;”;PR;;;экстремальный вид игр _у_ нас был догон€лки;у;;;;;;PR;”;PR;PR
683;;нас;ћџ;SPRO pl 1p - gen;;;вид игр у _нас_ был догон€лки на;с;а;н;;;;SPRO;ћџ;SPRO pl 1p - loc;SPRO pl 1p - gen
684;;был;Ѕџ“№;V ipf praet sg indic m -;;;игр у нас _был_ догон€лки на велосипедэ;л;ы;б;;;;V;Ѕџ“№;V ipf praet sg indic m -;V ipf praet sg indic m -
685;;догон€лки;ƒќ√ќЌяЋ »;S - inan acc pl;;;у нас был _догон€лки_ на велосипедэ -;и;к;л;€;н;о;S;ƒќ√ќЌяЋ »;S - inan acc pl;S - inan acc pl
686;;на;Ќј;PR;;;нас был догон€лки _на_ велосипедэ - на;а;н;;;;;PR;Ќј;PR;PR
687;"<distinct form=""велосипедэ"">";;;;;;;;;;;;;;;;
688;;велосипеде;¬≈Ћќ—»ѕ≈ƒ;S m inan loc sg;;;был догон€лки на _велосипедэ_ - на велосипеде;э;д;е;п;и;с;S;¬≈Ћќ—»ѕ≈ƒ;S m inan loc sg distort;S m inan loc sg
689;</distinct>;;;;;;;;;;;;;;;;
690;;на;Ќј;PR;;;на велосипедэ - _на_ велосипеде . ;а;н;;;;;PR;Ќј;PR;PR
691;;велосипеде;¬≈Ћќ—»ѕ≈ƒ;S m inan loc sg;;;велосипедэ - на _велосипеде_ .  ;е;д;е;п;и;с;S;¬≈Ћќ—»ѕ≈ƒ;S m inan loc sg;S m inan loc sg
692;;.;.;PUNCT;SENT;;;;;;;;;PUNCT;;;PUNCT
693;;;;;;;;;;;;;;;;;0
694;;“о есть;“о есть;CONJ;;;.   _“о есть_ это когда ты;ь;т;с;е; ;о;CONJ;“о есть;ADV -;CONJ
695;;это;Ё“ќ;SPRO n - nom sg;;;  “о есть _это_ когда ты едешь;о;т;э;;;;SPRO;Ё“ќ;S n - nom sg;SPRO n - nom sg
696;;когда; ќ√ƒј;CONJ;;; “о есть это _когда_ ты едешь ,;а;д;г;о;к;;CONJ; ќ√ƒј;CONJ;CONJ
697;;ты;“џ;SPRO sg 2p - nom;;;“о есть это когда _ты_ едешь , ты;ы;т;;;;;SPRO;“џ;SPRO sg 2p - nom;SPRO sg 2p - nom
698;;едешь;≈’ј“№;V ipf praes sg indic - 2p;;;это когда ты _едешь_ , ты отпускаешь;ь;ш;е;д;е;;V;≈’ј“№;V ipf praes sg indic - 2p;V ipf praes sg indic - 2p
699;;,;,;PUNCT;;;;;;;;;;PUNCT;;;PUNCT
700;;ты;“џ;SPRO sg 2p - nom;;;ты едешь , _ты_ отпускаешь одну руку;ы;т;;;;;SPRO;“џ;SPRO sg 2p - nom;SPRO sg 2p - nom
701;;отпускаешь;ќ“ѕ”— ј“№;V ipf praes sg indic - 2p;;;едешь , ты _отпускаешь_ одну руку от;ь;ш;е;а;к;с;V;ќ“ѕ”— ј“№;V ipf praes sg indic - 2p;V ipf praes sg indic - 2p
702;;одну;ќƒ»Ќ;ANUM - acc sg plen f -;;;, ты отпускаешь _одну_ руку от рул€;у;н;д;о;;;ANUM;ќƒ»Ќ;A - acc sg plen f -;ANUM - acc sg plen f -
703;;руку;–” ј;S f inan acc sg;;;ты отпускаешь одну _руку_ от рул€ и;у;к;у;р;;;S;–” ј;S f inan acc sg;S f inan acc sg
704;;от;ќ“;PR;;;отпускаешь одну руку _от_ рул€ и пытаешьс€;т;о;;;;;PR;ќ“;PR;PR
705;;рул€;–”Ћ№;S m inan gen sg;;;одну руку от _рул€_ и пытаешьс€ зал€пать;€;л;у;р;;;S;–”Ћ№;S m inan gen sg;S m inan gen sg
706;;и;»;CONJ;;;руку от рул€ _и_ пытаешьс€ зал€пать человека;и;;;;;;CONJ;»;CONJ;CONJ
707;;пытаешьс€;ѕџ“ј“№—я;V ipf praes sg indic - 2p;;;от рул€ и _пытаешьс€_ зал€пать человека ,;€;с;ь;ш;е;а;V;ѕџ“ј“№—я;V ipf praes sg indic - 2p;V ipf praes sg indic - 2p
708;;зал€пать;«јЋяѕј“№;V pf - - inf - -;;;рул€ и пытаешьс€ _зал€пать_ человека , который;ь;т;а;п;€;л;V;«јЋяѕј“№;V pf - - inf - -;V pf - - inf - -
709;;человека;„≈Ћќ¬≈ ;S m anim acc sg;;;и пытаешьс€ зал€пать _человека_ , который едет;а;к;е;в;о;л;S;„≈Ћќ¬≈ ;S m anim acc sg;S m anim acc sg
710;;,;,;PUNCT;;;;;;;;;;PUNCT;;;PUNCT
711;;который; ќ“ќ–џ…;APRO - nom sg plen m inan;;;зал€пать человека , _который_ едет р€дом .;й;ы;р;о;т;о;APRO; ќ“ќ–џ…;A - nom sg plen m -;APRO - nom sg plen m inan
712;;едет;≈’ј“№;V ipf praes sg indic - 3p;;;человека , который _едет_ р€дом . ;т;е;д;е;;;V;≈’ј“№;V ipf praes sg indic - 3p;V ipf praes sg indic - 3p
713;;р€дом;–яƒќћ;ADV -;;;, который едет _р€дом_ .  ;м;о;д;€;р;;ADV;–яƒќћ;ADV -;ADV -
714;;.;.;PUNCT;SENT;;;;;;;;;PUNCT;;;PUNCT
715;;;;;;;;;;;;;;;;;0
716;;я;я;SPRO sg 1p - nom;;;.   _я_ в этом всегда;€;;;;;;SPRO;я;SPRO sg 1p - nom;SPRO sg 1p - nom
717;;в;¬;PR;;;  я _в_ этом всегда была;в;;;;;;PR;¬;PR;PR
718;;этом;Ё“ќ;SPRO n - loc sg;;; я в _этом_ всегда была полный;м;о;т;э;;;SPRO;Ё“ќ;S n - loc sg;SPRO n - loc sg
719;;всегда;¬—≈√ƒј;ADVPRO -;;;я в этом _всегда_ была полный ноль;а;д;г;е;с;в;ADV;¬—≈√ƒј;ADV -;ADVPRO -
720;;была;Ѕџ“№;V ipf praet sg indic f -;;;в этом всегда _была_ полный ноль ,;а;л;ы;б;;;V;Ѕџ“№;V ipf praet sg indic f -;V ipf praet sg indic f -
721;;полный;ѕќЋЌџ…;A - nom sg plen m inan;;;этом всегда была _полный_ ноль , ну;й;ы;н;л;о;п;A;ѕќЋЌџ…;A - acc sg plen m inan;A - nom sg plen m inan
722;;ноль;ЌќЋ№;S m inan nom sg;;;всегда была полный _ноль_ , ну единственное;ь;л;о;н;;;S;ЌќЋ№;S m inan acc sg;S m inan nom sg
723;;,;,;PUNCT;;;;;;;;;;PUNCT;;;PUNCT
724;;ну;Ќ”;PART;;;полный ноль , _ну_ единственное что €;у;н;;;;;PART;Ќ”;PART;PART
725;;единственное;≈ƒ»Ќ—“¬≈ЌЌџ…;A - nom sg plen n inan;;;ноль , ну _единственное_ что € умела;е;о;н;н;е;в;A;≈ƒ»Ќ—“¬≈ЌЌџ…;A - nom sg plen n -;A - nom sg plen n inan
726;;что;„“ќ;CONJ;;;, ну единственное _что_ € умела ;о;т;ч;;;;CONJ;„“ќ;CONJ;CONJ
727;;€;я;SPRO sg 1p - nom;;;ну единственное что _€_ умела  усмехаетс€;€;;;;;;SPRO;я;SPRO sg 1p - nom;SPRO sg 1p - nom
728;;умела;”ћ≈“№;V ipf praet sg indic f -;;;единственное что € _умела_  усмехаетс€ ;а;л;е;м;у;;V;”ћ≈“№;V ipf praet sg indic f -;V ipf praet sg indic f -
729;"<span class=""note"">";;;;;;;;;;;;;;;;0
730;<note>;усмехаетс€;;;;;;;;;;;;;;;0
731;</span>;;;;;;;;;;;;;;;;0
732;;это;Ё“ќ;SPRO n - nom sg;;; усмехаетс€  _это_ вот так вот;о;т;э;;;;SPRO;Ё“ќ;S n - nom sg;SPRO n - nom sg
733;;вот;¬ќ“;PART;;;усмехаетс€  это _вот_ так вот схватившись;т;о;в;;;;PART;¬ќ“;PART;PART
734;;так;“ј ;ADVPRO -;;; это вот _так_ вот схватившись двум€;к;а;т;;;;ADV;“ј ;ADV -;ADVPRO -
735;;вот;¬ќ“;PART;;;это вот так _вот_ схватившись двум€ руками;т;о;в;;;;PART;¬ќ“;PART;PART
736;;схватившись;—’¬ј“»“№—я;V pf praet - ger - -;;;вот так вот _схватившись_ двум€ руками в;ь;с;и;ш;в;и;V;—’¬ј“»“№—я;V pf praet - ger - -;V pf praet - ger - -
737;;двум€;ƒ¬ј;NUM ins - -;;;так вот схватившись _двум€_ руками в руль;€;м;у;в;д;;NUM;ƒ¬ј;NUM ins - -;NUM ins - -
738;;руками;–” ј;S f inan ins pl;;;вот схватившись двум€ _руками_ в руль быстро;и;м;а;к;у;р;S;–” ј;S f inan ins pl;S f inan ins pl
739;;в;¬;PR;;;схватившись двум€ руками _в_ руль быстро -;в;;;;;;PR;¬;PR;PR
740;;руль;–”Ћ№;S m inan acc sg;;;двум€ руками в _руль_ быстро - быстро;ь;л;у;р;;;S;–”Ћ№;S m inan acc sg;S m inan acc sg
741;;быстро;Ѕџ—“–ќ;ADV -;;;руками в руль _быстро_ - быстро уезжать;о;р;т;с;ы;б;ADV;Ѕџ—“–ќ;ADV -;ADV -
742;;-;-;PUNCT;;;;;;;;;;PUNCT;;;PUNCT
743;;быстро;Ѕџ—“–ќ;ADV -;;;руль быстро - _быстро_ уезжать , но;о;р;т;с;ы;б;ADV;Ѕџ—“–ќ;ADV -;ADV -
744;;уезжать;”≈«∆ј“№;V ipf - - inf - -;;;быстро - быстро _уезжать_ , но зал€пать;ь;т;а;ж;з;е;V;”≈«∆ј“№;V ipf - - inf - -;V ipf - - inf - -
745;;,;,;PUNCT;;;;;;;;;;PUNCT;;;PUNCT
746;;но;Ќќ;CONJ;;;быстро уезжать , _но_ зал€пать кого-то это;о;н;;;;;CONJ;Ќќ;CONJ;CONJ
747;;зал€пать;«јЋяѕј“№;V pf - - inf - -;;;уезжать , но _зал€пать_ кого-то это было;ь;т;а;п;€;л;V;«јЋяѕј“№;V pf - - inf - -;V pf - - inf - -
748;;кого-то; “ќ-“ќ;SPRO m - acc sg;;;, но зал€пать _кого-то_ это было нереально;о;т;-;о;г;о;S; “ќ-“ќ;S m - acc sg;SPRO m - acc sg
749;;это;Ё“ќ;SPRO n - nom sg;;;но зал€пать кого-то _это_ было нереально ,;о;т;э;;;;SPRO;Ё“ќ;S n - nom sg;SPRO n - nom sg
750;;было;Ѕџ“№;V ipf praet sg indic n -;;;зал€пать кого-то это _было_ нереально , €;о;л;ы;б;;;V;Ѕџ“№;V ipf praet sg indic n -;V ipf praet sg indic n -
751;;нереально;Ќ≈–≈јЋ№Ќџ…;A - nom sg brev n inan;;;кого-то это было _нереально_ , € как только;о;н;ь;л;а;е;A;Ќ≈–≈јЋ№Ќџ…;A - - sg brev n -;A - nom sg brev n inan
752;;,;,;PUNCT;;;;;;;;;;PUNCT;;;PUNCT
753;;€;я;SPRO sg 1p - nom;;;было нереально , _€_ как только отпускала руль;€;;;;;;SPRO;я;SPRO sg 1p - nom;SPRO sg 1p - nom
754;;как только;как только;CONJ;;;нереально , € _как только_ отпускала руль ,;о;к;ь;л;о;т;CONJ;как только;CONJ;CONJ
755;;отпускала;ќ“ѕ”— ј“№;V ipf praet sg indic f -;;;, € как только _отпускала_ руль , €;а;л;а;к;с;у;V;ќ“ѕ”— ј“№;V ipf praet sg indic f -;V ipf praet sg indic f -
756;;руль;–”Ћ№;S m inan acc sg;;;€ как только отпускала _руль_ , € всегда;ь;л;у;р;;;S;–”Ћ№;S m inan acc sg;S m inan acc sg
757;;,;,;PUNCT;;;;;;;;;;PUNCT;;;PUNCT
758;;€;я;SPRO sg 1p - nom;;;отпускала руль , _€_ всегда падала .;€;;;;;;SPRO;я;SPRO sg 1p - nom;SPRO sg 1p - nom
759;;всегда;¬—≈√ƒј;ADVPRO -;;;руль , € _всегда_ падала . ;а;д;г;е;с;в;ADV;¬—≈√ƒј;ADV -;ADVPRO -
760;;падала;ѕјƒј“№;V ipf praet sg indic f -;;;, € всегда _падала_ .  ;а;л;а;д;а;п;V;ѕјƒј“№;V ipf praet sg indic f -;V ipf praet sg indic f -
761;;.;.;PUNCT;SENT;;;;;;;;;PUNCT;;;PUNCT
762;;;;;;;;;;;;;;;;;0
763;;»и;»;CONJ;distort;;.   _»и_ даже когда мен€;и;и;;;;;CONJ;»я;S m anim nom sg;CONJ
764;;даже;ƒј∆≈;PART;;;  »и _даже_ когда мен€ л€пали;е;ж;а;д;;;PART;ƒј∆≈;PART;PART
765;;когда; ќ√ƒј;CONJ;;; »и даже _когда_ мен€ л€пали ,;а;д;г;о;к;;CONJ; ќ√ƒј;CONJ;CONJ
766;;мен€;я;SPRO sg 1p - acc;;;»и даже когда _мен€_ л€пали , €;€;н;е;м;;;SPRO;я;SPRO sg 1p - acc;SPRO sg 1p - acc
767;;л€пали;Ћяѕј“№;V ipf praet pl indic - -;;;даже когда мен€ _л€пали_ , € еду;и;л;а;п;€;л;V;Ћяѕј“№;V ipf praet pl indic - -;V ipf praet pl indic - -
768;;,;,;PUNCT;;;;;;;;;;PUNCT;;;PUNCT
769;;€;я;SPRO sg 1p - nom;;;мен€ л€пали , _€_ еду , €;€;;;;;;SPRO;я;SPRO sg 1p - nom;SPRO sg 1p - nom
770;;еду;≈’ј“№;V ipf praes sg indic - 1p;;;л€пали , € _еду_ , € держу;у;д;е;;;;V;≈’ј“№;V ipf praes sg indic - 1p;V ipf praes sg indic - 1p
771;;,;,;PUNCT;;;;;;;;;;PUNCT;;;PUNCT
772;;€;я;SPRO sg 1p - nom;;;€ еду , _€_ держу четко баланс;€;;;;;;SPRO;я;SPRO sg 1p - nom;SPRO sg 1p - nom
773;;держу;ƒ≈–∆ј“№;V ipf praes sg indic - 1p;;;еду , € _держу_ четко баланс ,;у;ж;р;е;д;;V;ƒ≈–∆ј“№;V ipf praes sg indic - 1p;V ipf praes sg indic - 1p
774;;четко;„≈“ ќ;ADV -;;;, € держу _четко_ баланс , €;о;к;т;е;ч;;ADV;„≈“ ќ;ADV -;ADV -
775;;баланс;ЅјЋјЌ—;S m inan nom sg;;;€ держу четко _баланс_ , € пытаюсь;с;н;а;л;а;б;S;ЅјЋјЌ—;S m inan nom sg;S m inan nom sg
776;;,;,;PUNCT;;;;;;;;;;PUNCT;;;PUNCT
777;;€;я;SPRO sg 1p - nom;;;четко баланс , _€_ пытаюсь не упасть;€;;;;;;SPRO;я;SPRO sg 1p - nom;SPRO sg 1p - nom
778;;пытаюсь;ѕџ“ј“№—я;V ipf praes sg indic - 1p;;;баланс , € _пытаюсь_ не упасть ,;ь;с;ю;а;т;ы;V;ѕџ“ј“№—я;V ipf praes sg indic - 1p;V ipf praes sg indic - 1p
779;;не;Ќ≈;PART;;;, € пытаюсь _не_ упасть , и;е;н;;;;;PART;Ќ≈;PART;PART
780;;упасть;”ѕј—“№;V pf - - inf - -;;;€ пытаюсь не _упасть_ , и когда;ь;т;с;а;п;у;V;”ѕј—“№;V pf - - inf - -;V pf - - inf - -
781;;,;,;PUNCT;;;;;;;;;;PUNCT;;;PUNCT
782;;и;»;CONJ;;;не упасть , _и_ когда мен€ л€пают;и;;;;;;CONJ;»;CONJ;CONJ
783;;когда; ќ√ƒј;CONJ;;;упасть , и _когда_ мен€ л€пают ,;а;д;г;о;к;;CONJ; ќ√ƒј;CONJ;CONJ
784;;мен€;я;SPRO sg 1p - acc;;;, и когда _мен€_ л€пают , мне;€;н;е;м;;;SPRO;я;SPRO sg 1p - acc;SPRO sg 1p - acc
785;;л€пают;Ћяѕј“№;V ipf praes pl indic - 3p;;;и когда мен€ _л€пают_ , мне передают;т;ю;а;п;€;л;V;Ћяѕј“№;V ipf praes pl indic - 3p;V ipf praes pl indic - 3p
786;;,;,;PUNCT;;;;;;;;;;PUNCT;;;PUNCT
787;;мне;я;SPRO sg 1p - dat;;;мен€ л€пают , _мне_ передают некий импульс;е;н;м;;;;SPRO;я;SPRO sg 1p - dat;SPRO sg 1p - dat
788;;передают;ѕ≈–≈ƒј¬ј“№;V ipf praes pl indic - 3p;;;л€пают , мне _передают_ некий импульс ,;т;ю;а;д;е;р;V;ѕ≈–≈ƒј¬ј“№;V ipf praes pl indic - 3p;V ipf praes pl indic - 3p
789;;некий;Ќ≈ »…;APRO - acc sg plen m inan;;;, мне передают _некий_ импульс , и;й;и;к;е;н;;APRO;Ќ≈ »…;A - nom sg plen m -;APRO - acc sg plen m inan
790;;импульс;»ћѕ”Ћ№—;S m inan nom sg;;;мне передают некий _импульс_ , и €;с;ь;л;у;п;м;S;»ћѕ”Ћ№—;S m inan nom sg;S m inan nom sg
791;;,;,;PUNCT;;;;;;;;;;PUNCT;;;PUNCT
792;;и;»;CONJ;;;некий импульс , _и_ € то вправо;и;;;;;;CONJ;»;CONJ;CONJ
793;;€;я;SPRO sg 1p - nom;;;импульс , и _€_ то вправо ,;€;;;;;;SPRO;я;SPRO sg 1p - nom;SPRO sg 1p - nom
794;;то;“ќ;PART;;;, и € _то_ вправо , то;о;т;;;;;PART;“ќ;PART;PART
795;;вправо;¬ѕ–ј¬ќ;ADV -;;;и € то _вправо_ , то влево;о;в;а;р;п;в;ADV;¬ѕ–ј¬ќ;ADV -;ADV -
796;;,;,;PUNCT;;;;;;;;;;PUNCT;;;PUNCT
797;;то;“ќ;CONJ;;;то вправо , _то_ влево , то;о;т;;;;;CONJ;“ќ;CONJ;CONJ
798;;влево;¬Ћ≈¬ќ;ADV -;;;вправо , то _влево_ , то еще;о;в;е;л;в;;ADV;¬Ћ≈¬ќ;ADV -;ADV -
799;;,;,;PUNCT;;;;;;;;;;PUNCT;;;PUNCT
800;;то;“ќ;CONJ;;;то влево , _то_ еще . ;о;т;;;;;CONJ;“ќ;CONJ;CONJ
801;;еще;≈ў≈;ADV -;;;влево , то _еще_ .  ;е;щ;е;;;;ADV;≈ў≈;ADV -;ADV -
802;;.;.;PUNCT;SENT;;;;;;;;;PUNCT;;;PUNCT
803;;;;;;;;;;;;;;;;;0
804;"<speech role=""јлена@"" />";;;;;;;;;;;;;;;;0
805;;»;»;CONJ;;;   _»_ € посто€нно падала;и;;;;;;CONJ;»;CONJ;CONJ
806;;€;я;SPRO sg 1p - nom;;;  » _€_ посто€нно падала ,;€;;;;;;SPRO;я;SPRO sg 1p - nom;SPRO sg 1p - nom
807;;посто€нно;ѕќ—“ќяЌЌќ;ADV -;;; » € _посто€нно_ падала , из-за;о;н;н;€;о;т;ADV;ѕќ—“ќяЌЌќ;ADV -;ADV -
808;;падала;ѕјƒј“№;V ipf praet sg indic f -;;;» € посто€нно _падала_ , из-за этого;а;л;а;д;а;п;V;ѕјƒј“№;V ipf praet sg indic f -;V ipf praet sg indic f -
809;;,;,;PUNCT;;;;;;;;;;PUNCT;;;PUNCT
810;;из-за;»«-«ј;PR;;;посто€нно падала , _из-за_ этого у мен€;а;з;-;з;и;;PR;»«-«ј;PR;PR
811;;этого;Ё“ќ;SPRO n - gen sg;;;падала , из-за _этого_ у мен€ все;о;г;о;т;э;;SPRO;Ё“ќ;S n - gen sg;SPRO n - gen sg
812;;у;”;PR;;;, из-за этого _у_ мен€ все детство;у;;;;;;PR;”;PR;PR
813;;мен€;я;SPRO sg 1p - gen;;;из-за этого у _мен€_ все детство ноги;€;н;е;м;;;SPRO;я;SPRO sg 1p - acc;SPRO sg 1p - gen
814;;все;¬≈—№;APRO - acc pl plen n inan;;;этого у мен€ _все_ детство ноги были;е;с;в;;;;APRO;¬≈—№;A - acc pl plen - inan;APRO - acc pl plen n inan
815;;детство;ƒ≈“—“¬ќ;S n inan nom sg;;;у мен€ все _детство_ ноги были в;о;в;т;с;т;е;S;ƒ≈“—“¬ќ;S n inan nom sg;S n inan nom sg
816;;ноги;Ќќ√ј;S f inan nom pl;;;мен€ все детство _ноги_ были в зеленке;и;г;о;н;;;S;Ќќ√ј;S f inan acc pl;S f inan nom pl
817;;были;Ѕџ“№;V ipf praet pl indic - -;;;все детство ноги _были_ в зеленке ,;и;л;ы;б;;;V;Ѕџ“№;V ipf praet pl indic - -;V ipf praet pl indic - -
818;;в;¬;PR;;;детство ноги были _в_ зеленке , в;в;;;;;;PR;¬;PR;PR
819;;зеленке;«≈Ћ≈Ќ ј;S f inan loc sg;;;ноги были в _зеленке_ , в йоде;е;к;н;е;л;е;S;«≈Ћ≈Ќ ј;S f inan loc sg;S f inan loc sg
820;;,;,;PUNCT;;;;;;;;;;PUNCT;;;PUNCT
821;;в;¬;PR;;;в зеленке , _в_ йоде , у;в;;;;;;PR;¬;PR;PR
822;;йоде;…ќƒ;S m inan loc sg;;;зеленке , в _йоде_ , у мен€;е;д;о;й;;;S;…ќƒ;S m inan loc sg;S m inan loc sg
823;;,;,;PUNCT;;;;;;;;;;PUNCT;;;PUNCT
824;;у;”;PR;;;в йоде , _у_ мен€ было очень;у;;;;;;PR;”;PR;PR
825;;мен€;я;SPRO sg 1p - gen;;;йоде , у _мен€_ было очень много;€;н;е;м;;;SPRO;я;SPRO sg 1p - acc;SPRO sg 1p - gen
826;;было;Ѕџ“№;V ipf praet sg indic n -;;;, у мен€ _было_ очень много ран;о;л;ы;б;;;V;Ѕџ“№;V ipf praet sg indic n -;V ipf praet sg indic n -
827;;очень;ќ„≈Ќ№;ADV -;;;у мен€ было _очень_ много ран ,;ь;н;е;ч;о;;ADV;ќ„≈Ќ№;ADV -;ADV -
828;;много;ћЌќ√ќ;ADV -;;;мен€ было очень _много_ ран , и;о;г;о;н;м;;ADV;ћЌќ√ќ;ADV -;ADV -
829;;ран;–јЌј;S f inan gen pl;;;было очень много _ран_ , и даже;н;а;р;;;;S;–јЌ;S f inan gen pl;S f inan gen pl
830;;,;,;PUNCT;;;;;;;;;;PUNCT;;;PUNCT
831;;и;»;CONJ;;;много ран , _и_ даже сейчас уже;и;;;;;;CONJ;»;CONJ;CONJ
832;;даже;ƒј∆≈;PART;;;ран , и _даже_ сейчас уже много;е;ж;а;д;;;PART;ƒј∆≈;PART;PART
833;;сейчас;—≈…„ј—;ADV -;;;, и даже _сейчас_ уже много лет;с;а;ч;й;е;с;ADV;—≈…„ј—;ADV -;ADV -
834;;уже;”∆≈;ADV -;;;и даже сейчас _уже_ много лет прошло;е;ж;у;;;;ADV;”∆≈;ADV -;ADV -
835;;много;ћЌќ√ќ;ADV -;;;даже сейчас уже _много_ лет прошло ,;о;г;о;н;м;;ADV;ћЌќ√ќ;ADV -;ADV -
836;;лет;√ќƒ;S m inan gen pl;;;сейчас уже много _лет_ прошло , и;т;е;л;;;;S;√ќƒ;S m inan gen pl;S m inan gen pl
837;;прошло;ѕ–ќ…“»;V pf praet sg indic n -;;;уже много лет _прошло_ , и эти;о;л;ш;о;р;п;A;ѕ–ќЎЋџ…;A - - sg brev n -;V pf praet sg indic n -
838;;,;,;PUNCT;;;;;;;;;;PUNCT;;;PUNCT
839;;и;»;CONJ;;;лет прошло , _и_ эти раны на;и;;;;;;CONJ;»;CONJ;CONJ
840;;эти;Ё“ќ“;APRO - nom pl plen f inan;;;прошло , и _эти_ раны на моих;и;т;э;;;;APRO;Ё“ќ“;A - nom pl plen - -;APRO - nom pl plen f inan
841;;раны;–јЌј;S f inan nom pl;;;, и эти _раны_ на моих ногах;ы;н;а;р;;;S;–јЌј;S f inan nom pl;S f inan nom pl
842;;на;Ќј;PR;;;и эти раны _на_ моих ногах .;а;н;;;;;PR;Ќј;PR;PR
843;;моих;ћќ…;APRO - loc pl plen f inan;;;эти раны на _моих_ ногах . ;х;и;о;м;;;APRO;ћќ…;A - loc pl plen - -;APRO - loc pl plen f inan
844;;ногах;Ќќ√ј;S f inan loc pl;;;раны на моих _ногах_ .  ;х;а;г;о;н;;S;Ќќ√ј;S f inan loc pl;S f inan loc pl
845;;.;.;PUNCT;SENT;;;;;;;;;PUNCT;;;PUNCT
846;;;;;;;;;;;;;;;;;0
847;;”;”;PR;;;.   _”_ мен€ когда по€вл€лись;у;;;;;;PR;”;PR;PR
848;;мен€;я;SPRO sg 1p - gen;;;  ” _мен€_ когда по€вл€лись корочки;€;н;е;м;;;SPRO;я;SPRO sg 1p - acc;SPRO sg 1p - gen
849;;когда; ќ√ƒј;CONJ;;; ” мен€ _когда_ по€вл€лись корочки ,;а;д;г;о;к;;CONJ; ќ√ƒј;CONJ;CONJ
850;;по€вл€лись;ѕќя¬Ћя“№—я;V ipf praet pl indic - -;;;” мен€ когда _по€вл€лись_ корочки , €;ь;с;и;л;€;л;V;ѕќя¬Ћя“№—я;V ipf praet pl indic - -;V ipf praet pl indic - -
851;;корочки; ќ–ќ„ ј;S f inan nom pl;;;мен€ когда по€вл€лись _корочки_ , € их;и;к;ч;о;р;о;S; ќ–ќ„ ј;S f inan nom pl;S f inan nom pl
852;;,;,;PUNCT;;;;;;;;;;PUNCT;;;PUNCT
853;;€;я;SPRO sg 1p - nom;;;по€вл€лись корочки , _€_ их всегда сковыривала;€;;;;;;SPRO;я;SPRO sg 1p - nom;SPRO sg 1p - nom
854;;их;ќЌ»;SPRO pl 3p - acc;;;корочки , € _их_ всегда сковыривала ,;х;и;;;;;SPRO;ќЌ»;SPRO pl - - acc;SPRO pl 3p - acc
855;;всегда;¬—≈√ƒј;ADVPRO -;;;, € их _всегда_ сковыривала , не;а;д;г;е;с;в;ADV;¬—≈√ƒј;ADV -;ADVPRO -
856;;сковыривала;— ќ¬џ–»¬ј“№;V ipf praet sg indic f -;;;€ их всегда _сковыривала_ , не могла;а;л;а;в;и;р;V;— ќ¬џ–»¬ј“№;V ipf praet sg indic f -;V ipf praet sg indic f -
857;;,;,;PUNCT;;;;;;;;;;PUNCT;;;PUNCT
858;;не;Ќ≈;PART;;;всегда сковыривала , _не_ могла по-другому ,;е;н;;;;;PART;Ќ≈;PART;PART
859;;могла;ћќ„№;V ipf praet sg indic f -;;;сковыривала , не _могла_ по-другому , то есть;а;л;г;о;м;;V;ћќ„№;V ipf praet sg indic f -;V ipf praet sg indic f -
860;;по-другому;ѕќ-ƒ–”√ќћ”;ADV -;;;, не могла _по-другому_ , то есть родители;у;м;о;г;у;р;ADV;ѕќ-ƒ–”√ќћ”;ADV -;ADV -
861;;,;,;PUNCT;;;;;;;;;;PUNCT;;;PUNCT
862;;то есть;то есть;CONJ;;;могла по-другому , _то есть_ родители всегда говорили;ь;т;с;е; ;о;CONJ;то есть;ADV -;CONJ
863;;родители;–ќƒ»“≈Ћ№;S m anim nom pl;;;по-другому , то есть _родители_ всегда говорили Ђ;и;л;е;т;и;д;S;–ќƒ»“≈Ћ№;S m anim nom pl;S m anim nom pl
864;;всегда;¬—≈√ƒј;ADVPRO -;;;, то есть родители _всегда_ говорили Ђ оставь;а;д;г;е;с;в;ADV;¬—≈√ƒј;ADV -;ADVPRO -
865;;говорили;√ќ¬ќ–»“№;V ipf praet pl indic - -;;;то есть родители всегда _говорили_ Ђ оставь ,;и;л;и;р;о;в;V;√ќ¬ќ–»“№;V ipf praet pl indic - -;V ipf praet pl indic - -
866;;Ђ;Ђ;PUNCT;;;;;;;;;;PUNCT;;;PUNCT
867;;оставь;ќ—“ј¬»“№;V pf - sg imper - 2p;;;всегда говорили Ђ _оставь_ , она сама;ь;в;а;т;с;о;V;ќ—“ј¬»“№;V pf - sg imper - 2p;V pf - sg imper - 2p
868;;,;,;PUNCT;;;;;;;;;;PUNCT;;;PUNCT
869;;она;ќЌј;SPRO sg 3p f nom;;;Ђ оставь , _она_ сама заживет ї;а;н;о;;;;SPRO;ќЌј;SPRO sg 3p f nom;SPRO sg 3p f nom
870;;сама;—јћ;APRO - nom sg plen f inan;;;оставь , она _сама_ заживет ї ,;а;м;а;с;;;A;—јћ;A - nom sg plen f -;APRO - nom sg plen f inan
871;;заживет;«ј∆»“№;V pf fut sg indic - 3p;;;, она сама _заживет_ ї , но;т;е;в;и;ж;а;V;«ј∆»“№;V pf fut sg indic - 3p;V pf fut sg indic - 3p
872;;ї;ї;PUNCT;;;;;;;;;;PUNCT;;;PUNCT
873;;,;,;PUNCT;;;;;;;;;;PUNCT;;;PUNCT
874;;но;Ќќ;CONJ;;;заживет ї , _но_ ручки чесались ,;о;н;;;;;CONJ;Ќќ;CONJ;CONJ
875;;ручки;–”„ ј;S f inan nom pl;;;ї , но _ручки_ чесались , и;и;к;ч;у;р;;S;–”„ ј;S f inan nom pl;S f inan nom pl
876;;чесались;„≈—ј“№—я;V ipf praet pl indic - -;;;, но ручки _чесались_ , и поэтому;ь;с;и;л;а;с;V;„≈—ј“№—я;V ipf praet pl indic - -;V ipf praet pl indic - -
877;;,;,;PUNCT;;;;;;;;;;PUNCT;;;PUNCT
878;;и;»;CONJ;;;ручки чесались , _и_ поэтому € всегда;и;;;;;;CONJ;»;CONJ;CONJ
879;;поэтому;ѕќЁ“ќћ”;ADVPRO -;;;чесались , и _поэтому_ € всегда их;у;м;о;т;э;о;ADV;ѕќЁ“ќћ”;ADV -;ADVPRO -
880;;€;я;SPRO sg 1p - nom;;;, и поэтому _€_ всегда их отковыривала;€;;;;;;SPRO;я;SPRO sg 1p - nom;SPRO sg 1p - nom
881;;всегда;¬—≈√ƒј;ADVPRO -;;;и поэтому € _всегда_ их отковыривала ,;а;д;г;е;с;в;ADV;¬—≈√ƒј;ADV -;ADVPRO -
882;;их;ќЌ»;SPRO pl 3p - acc;;;поэтому € всегда _их_ отковыривала , у;х;и;;;;;SPRO;ќЌ»;SPRO pl - - acc;SPRO pl 3p - acc
883;;отковыривала;ќ“ ќ¬џ–»¬ј“№;V ipf praet sg indic f -;;;€ всегда их _отковыривала_ , у мен€;а;л;а;в;и;р;V;ќ“ ќ¬џ–»¬ј“№;V ipf praet sg indic f -;V ipf praet sg indic f -
884;;,;,;PUNCT;;;;;;;;;;PUNCT;;;PUNCT
885;;у;”;PR;;;их отковыривала , _у_ мен€ получались очень;у;;;;;;PR;”;PR;PR
886;;мен€;я;SPRO sg 1p - gen;;;отковыривала , у _мен€_ получались очень круп;€;н;е;м;;;SPRO;я;SPRO sg 1p - acc;SPRO sg 1p - gen
887;;получались;ѕќЋ”„ј“№—я;V ipf praet pl indic - -;;;, у мен€ _получались_ очень круп -;ь;с;и;л;а;ч;V;ѕќЋ”„ј“№—я;V ipf praet pl indic - -;V ipf praet pl indic - -
888;;очень;ќ„≈Ќ№;ADV -;;;у мен€ получались _очень_ круп - глубокие;ь;н;е;ч;о;;ADV;ќ„≈Ќ№;ADV -;ADV -
889;"<distinct form=""круп"">";;;;;;;;;;;;;;;;
890;;крупные; –”ѕЌџ…;A - acc pl plen - inan;;;мен€ получались очень _круп_ - глубокие раны;п;у;р;к;;;S; –”ѕј;S f inan gen pl;A - acc pl plen - inan
891;</distinct>;;;;;;;;;;;;;;;;
892;;глубокие;√Ћ”Ѕќ »…;A - acc pl plen - inan;;;очень круп - _глубокие_ раны , и;е;и;к;о;б;у;A;√Ћ”Ѕќ »…;A - acc pl plen - inan;A - acc pl plen - inan
893;;раны;–јЌј;S f inan nom pl;;;круп - глубокие _раны_ , и даже;ы;н;а;р;;;S;–јЌј;S f inan acc pl;S f inan nom pl
894;;,;,;PUNCT;;;;;;;;;;PUNCT;;;PUNCT
895;;и;»;CONJ;;;глубокие раны , _и_ даже сейчас на;и;;;;;;CONJ;»;CONJ;CONJ
896;;даже;ƒј∆≈;PART;;;раны , и _даже_ сейчас на ногах;е;ж;а;д;;;PART;ƒј∆≈;PART;PART
897;;сейчас;—≈…„ј—;ADV -;;;, и даже _сейчас_ на ногах можно;с;а;ч;й;е;с;ADV;—≈…„ј—;ADV -;ADV -
898;;на;Ќј;PR;;;и даже сейчас _на_ ногах можно найти;а;н;;;;;PR;Ќј;PR;PR
899;;ногах;Ќќ√ј;S f inan loc pl;;;даже сейчас на _ногах_ можно найти такие;х;а;г;о;н;;S;Ќќ√ј;S f inan loc pl;S f inan loc pl
900;;можно;ћќ∆Ќќ;PRAEDIC -;;;сейчас на ногах _можно_ найти такие Ц;о;н;ж;о;м;;PRAEDIC;ћќ∆Ќќ;PRAEDIC;PRAEDIC -
901;;найти;Ќј…“»;V pf - - inf - -;;;на ногах можно _найти_ такие Ц белую;и;т;й;а;н;;V;Ќј…“»;V pf - - inf - -;V pf - - inf - -
902;;такие;“ј ќ…;APRO - acc pl plen - inan;;;ногах можно найти _такие_ Ц белую рубцовую;е;и;к;а;т;;APRO;“ј ќ…;A - acc pl plen - inan;APRO - acc pl plen - inan
903;;Ц;Ц;PUNCT;;;;;;;;;;PUNCT;;;PUNCT
904;;белую;Ѕ≈Ћџ…;A - acc sg plen f inan;;;найти такие Ц _белую_ рубцовую ткань ,;ю;у;л;е;б;;A;Ѕ≈Ћџ…;A - acc sg plen f -;A - acc sg plen f inan
905;;рубцовую;–”Ѕ÷ќ¬џ…;A - acc sg plen f inan;;;такие Ц белую _рубцовую_ ткань , котора€;ю;у;в;о;ц;б;A;–”Ѕ÷ќ¬џ…;A - acc sg plen f -;A - acc sg plen f inan
906;;ткань;“ јЌ№;S f inan acc sg;;;Ц белую рубцовую _ткань_ , котора€ не;ь;н;а;к;т;;S;“ јЌ№;S f inan acc sg;S f inan acc sg
907;;,;,;PUNCT;;;;;;;;;;PUNCT;;;PUNCT
908;;котора€; ќ“ќ–џ…;APRO - nom sg plen f inan;;;рубцовую ткань , _котора€_ не загорает ,;€;а;р;о;т;о;APRO; ќ“ќ–џ…;A - nom sg plen f -;APRO - nom sg plen f inan
909;;не;Ќ≈;PART;;;ткань , котора€ _не_ загорает , котора€;е;н;;;;;PART;Ќ≈;PART;PART
910;;загорает;«ј√ќ–ј“№;V ipf praes sg indic - 3p;;;, котора€ не _загорает_ , котора€ покрывает;т;е;а;р;о;г;V;«ј√ќ–ј“№;V ipf praes sg indic - 3p;V ipf praes sg indic - 3p
911;;,;,;PUNCT;;;;;;;;;;PUNCT;;;PUNCT
912;;котора€; ќ“ќ–џ…;APRO - nom sg plen f inan;;;не загорает , _котора€_ покрывает мои ноги;€;а;р;о;т;о;APRO; ќ“ќ–џ…;A - nom sg plen f -;APRO - nom sg plen f inan
913;;покрывает;ѕќ –џ¬ј“№;V ipf praes sg indic - 3p;;;загорает , котора€ _покрывает_ мои ноги ,;т;е;а;в;ы;р;V;ѕќ –џ¬ј“№;V ipf praes sg indic - 3p;V ipf praes sg indic - 3p
914;;мои;ћќ…;APRO - acc pl plen f inan;;;, котора€ покрывает _мои_ ноги , и;и;о;м;;;;APRO;ћќ…;A - nom pl plen - -;APRO - acc pl plen f inan
915;;ноги;Ќќ√ј;S f inan acc pl;;;котора€ покрывает мои _ноги_ , и это;и;г;о;н;;;S;Ќќ√ј;S f inan nom pl;S f inan acc pl
916;;,;,;PUNCT;;;;;;;;;;PUNCT;;;PUNCT
917;;и;»;CONJ;;;мои ноги , _и_ это ужасно .;и;;;;;;CONJ;»;CONJ;CONJ
918;;это;Ё“ќ;SPRO n - nom sg;;;ноги , и _это_ ужасно . ;о;т;э;;;;SPRO;Ё“ќ;S n - nom sg;SPRO n - nom sg
919;;ужасно;”∆ј—Ќџ…;A - - sg brev n inan;;;, и это _ужасно_ .  ;о;н;с;а;ж;у;A;”∆ј—Ќџ…;A - - sg brev n -;A - - sg brev n inan
920;;.;.;PUNCT;SENT;;;;;;;;;PUNCT;;;PUNCT
;;;;;;;;;;;;;;;;;
;;;;;;;;;;;;;;;;;
;;;;;;;;;;;;;;;;;
;;;;;;;;;;;;;;;;;
;;;;;;;;;;;;;;;;;
;;;;;;;;;;;;;;;;;
;;;;;;;;;;;;;;;;;
;;;;;;;;;;;;;;;;;
;;;;;;;;;;;;;;;;;
;;;;;;;;;;;;;;;;;
;;;;;;;;;;;;;;;;;
;;;;;;;;;;;;;;;;;
;;;;;;;;;;;;;;;;;
;;;;;;;;;;;;;;;;;
;;;;;;;;;;;;;;;;;
;;;;;;;;;;;;;;;;;
;;;;;;;;;;;;;;;;;
;;;;;;;;;;;;;;;;;
;;;;;;;;;;;;;;;;;
;;;;;;;;;;;;;;;;;
;;;;;;;;;;;;;;;;;
;;;;;;;;;;;;;;;;;
;;;;;;;;;;;;;;;;;
;;;;;;;;;;;;;;;;;
;;;;;;;;;;;;;;;;;
;;;;;;;;;;;;;;;;;
;;;;;;;;;;;;;;;;;
;;;;;;;;;;;;;;;;;
;;;;;;;;;;;;;;;;;
;;;;;;;;;;;;;;;;;
;;;;;;;;;;;;;;;;;
;;;;;;;;;;;;;;;;;
;;;;;;;;;;;;;;;;;
;;;;;;;;;;;;;;;;;
;;;;;;;;;;;;;;;;;
;;;;;;;;;;;;;;;;;
;;;;;;;;;;;;;;;;;
;;;;;;;;;;;;;;;;;
;;;;;;;;;;;;;;;;;
;;;;;;;;;;;;;;;;;
;;;;;;;;;;;;;;;;;
;;;;;;;;;;;;;;;;;
;;;;;;;;;;;;;;;;;
;;;;;;;;;;;;;;;;;
;;;;;;;;;;;;;;;;;
;;;;;;;;;;;;;;;;;
;;;;;;;;;;;;;;;;;
;;;;;;;;;;;;;;;;;
;;;;;;;;;;;;;;;;;
;;;;;;;;;;;;;;;;;
;;;;;;;;;;;;;;;;;
;;;;;;;;;;;;;;;;;
;;;;;;;;;;;;;;;;;
;;;;;;;;;;;;;;;;;
;;;;;;;;;;;;;;;;;
;;;;;;;;;;;;;;;;;
;;;;;;;;;;;;;;;;;
;;;;;;;;;;;;;;;;;
;;;;;;;;;;;;;;;;;
;;;;;;;;;;;;;;;;;
;;;;;;;;;;;;;;;;;
;;;;;;;;;;;;;;;;;
;;;;;;;;;;;;;;;;;
