15693,# speaker = Алена,,,,,,,,,,,,,,,,
15694,# sent = 1170,,,,,,,,,,,,,,,,
15695,,Нуу,НУ,PART,distort,,   _Нуу_ если говорить о,у,у,н,,,,INTJ,НУУ,INTJ,У
15696,,если,ЕСЛИ,CONJ,,,  Нуу _если_ говорить о травмах,и,л,с,е,,,CONJ,ЕСЛИ,CONJ,И
15697,,говорить,ГОВОРИТЬ,V ipf - - inf - -,,," Нуу если _говорить_ о травмах ,",ь,т,и,р,о,в,V,ГОВОРИТЬ,V ipf - - inf - -,Ь
15698,,о,О,PR,,,"Нуу если говорить _о_ травмах , как-то",о,,,,,,PR,О,PR,О
15699,,травмах,ТРАВМА,S f inan loc pl,,,"если говорить о _травмах_ , как-то психологических",х,а,м,в,а,р,S,ТРАВМА,S f inan loc pl,А
15700,,",",",",PUNCT,,,,,,,,,,PUNCT,,,
15701,,как-то,КАК-ТО,ADVPRO -,,,"о травмах , _как-то_ психологических травм я",о,т,-,к,а,к,ADV,КАК-ТО,ADV -,О
15702,,психологических,ПСИХОЛОГИЧЕСКИЙ,A - gen pl plen f inan,,,"травмах , как-то _психологических_ травм я не",х,и,к,с,е,ч,A,ПСИХОЛОГИЧЕСКИЙ,A - gen pl plen - -,Й
15703,,травм,ТРАВМА,S f inan gen pl,,,", как-то психологических _травм_ я не очень",м,в,а,р,т,,S,ТРАВМА,S f inan gen pl,А
15704,,я,Я,SPRO sg 1p - nom,,,как-то психологических травм _я_ не очень помню,я,,,,,,SPRO,Я,SPRO sg 1p - nom,Я
15705,,не,НЕ,PART,,,"психологических травм я _не_ очень помню ,",е,н,,,,,PART,НЕ,PART,Е
15706,,очень,ОЧЕНЬ,ADV -,,,"травм я не _очень_ помню , но",ь,н,е,ч,о,,ADV,ОЧЕНЬ,ADV -,Ь
15707,,помню,ПОМНИТЬ,V ipf praes sg indic - 1p,,,"я не очень _помню_ , но я",ю,н,м,о,п,,V,ПОМНИТЬ,V ipf praes sg indic - 1p,Ь
15708,,",",",",PUNCT,,,,,,,,,,PUNCT,,,
15709,,но,НО,CONJ,,,"очень помню , _но_ я помню травмы",о,н,,,,,CONJ,НО,CONJ,О
15710,,я,Я,SPRO sg 1p - nom,,,"помню , но _я_ помню травмы физические",я,,,,,,SPRO,Я,SPRO sg 1p - nom,Я
15711,,помню,ПОМНИТЬ,V ipf praes sg indic - 1p,,,", но я _помню_ травмы физические .",ю,н,м,о,п,,V,ПОМНИТЬ,V ipf praes sg indic - 1p,Ь
15712,,травмы,ТРАВМА,S f inan acc pl,,,но я помню _травмы_ физические . ,ы,м,в,а,р,т,S,ТРАВМА,S f inan acc pl,А
15713,,физические,ФИЗИЧЕСКИЙ,A - acc pl plen f inan,,,я помню травмы _физические_ .  ,е,и,к,с,е,ч,A,ФИЗИЧЕСКИЙ,A - nom pl plen - -,Й
15714,,.,.,PUNCT,,,,,,,,,,PUNCT,,,
15715,,,,,,,,,,,,,,,,,
15716,# sent = 1171,,,,,,,,,,,,,,,,
15717,,Они,ОНИ,SPRO pl 3p - nom,,,.   _Они_ все у меня,и,н,о,,,,SPRO,ОНИ,SPRO pl - - nom,И
15718,,все,ВСЕ,SPRO pl - - nom,,,  Они _все_ у меня связаны,е,с,в,,,,S,ВСЕ,S - - acc pl,Е
15719,,у,У,PR,,, Они все _у_ меня связаны с,у,,,,,,PR,У,PR,У
15720,,меня,Я,SPRO sg 1p - gen,,,Они все у _меня_ связаны с детством,я,н,е,м,,,SPRO,Я,SPRO sg 1p - acc,Я
15721,,связаны,СВЯЗАТЬ,V intr pf prtcp pass praet pl brev ,,,все у меня _связаны_ с детством .,ы,н,а,з,я,в,A,СВЯЗАННЫЙ,A - - pl brev - -,Ь
15722,,с,С,PR,,,у меня связаны _с_ детством . ,с,,,,,,PR,С,PR,С
15723,,детством,ДЕТСТВО,S n inan ins sg,,,меня связаны с _детством_ .  ,м,о,в,т,с,т,S,ДЕТСТВО,S n inan ins sg,О
15724,,.,.,PUNCT,,,,,,,,,,PUNCT,,,
15725,,,,,,,,,,,,,,,,,
15726,# sent = 1172,,,,,,,,,,,,,,,,
15727,,Ну,НУ,PART,,,".   _Ну_ я думаю ,",у,н,,,,,PART,НУ,PART,У
15728,,я,Я,SPRO sg 1p - nom,,,"  Ну _я_ думаю , в",я,,,,,,SPRO,Я,SPRO sg 1p - nom,Я
15729,,думаю,ДУМАТЬ,V ipf praes sg indic - 1p,,," Ну я _думаю_ , в основном",ю,а,м,у,д,,V,ДУМАТЬ,V ipf praes sg indic - 1p,Ь
15730,,",",",",PUNCT,,,,,,,,,,PUNCT,,,
15731,,в,В,PR,,,"я думаю , _в_ основном это также",в,,,,,,PR,В,PR,В
15732,,основном,ОСНОВНОЙ,A inan loc sg plen n -,,,"думаю , в _основном_ это также связано",м,о,н,в,о,н,A,ОСНОВНОЙ,A - loc sg plen m -,Й
15733,,это,ЭТО,SPRO n - nom sg,,,", в основном _это_ также связано с",о,т,э,,,,SPRO,ЭТО,S n - nom sg,О
15734,,также,ТАКЖЕ,ADV -,,,в основном это _также_ связано с тем,е,ж,к,а,т,,ADV,ТАКЖЕ,ADV -,Е
15735,,связано,СВЯЗАТЬ,V intr pf prtcp pass praet sg n,,,"основном это также _связано_ с тем ,",о,н,а,з,я,в,A,СВЯЗАННЫЙ,A - - sg brev n -,Ь
15736,,с,С,PR,,,"это также связано _с_ тем , что",с,,,,,,PR,С,PR,С
15737,,тем,ТО,SPRO n - ins sg,,,"также связано с _тем_ , что у",м,е,т,,,,SPRO,ТО,S n - ins sg,О
15738,,",",",",PUNCT,,,,,,,,,,PUNCT,,,
15739,,что,ЧТО,CONJ,,,"с тем , _что_ у нас был",о,т,ч,,,,CONJ,ЧТО,CONJ,О
15740,,у,У,PR,,,"тем , что _у_ нас был огород",у,,,,,,PR,У,PR,У
15741,,нас,МЫ,SPRO pl 1p - gen,,,", что у _нас_ был огород наа",с,а,н,,,,SPRO,МЫ,SPRO pl 1p - loc,Ы
15742,,был,БЫТЬ,V ipf praet sg indic m -,,,что у нас _был_ огород наа с,л,ы,б,,,,V,БЫТЬ,V ipf praet sg indic m -,Ь
15743,,огород,ОГОРОД,S m inan acc sg,,,у нас был _огород_ наа с рычагами,д,о,р,о,г,о,S,ОГОРОД,S m inan acc sg,Д
15744,,наа,НАА,PR,distort,,"нас был огород _наа_ с рычагами ,",а,а,н,,,,PR,НАА,PR,А
15745,,с,С,PR,,,"был огород наа _с_ рычагами , то есть",с,,,,,,PR,С,PR,С
15746,,рычагами,РЫЧАГ,S m inan ins pl,,,"огород наа с _рычагами_ , то есть тормозишь",и,м,а,г,а,ч,S,РЫЧАГ,S m inan ins pl,Г
15747,,",",",",PUNCT,,,,,,,,,,PUNCT,,,
15748,,то есть,то есть,CONJ,,,"с рычагами , _то есть_ тормозишь не педальками",ь,т,с,е, ,о,CONJ,то есть,ADV -,ь
15749,,тормозишь,ТОРМОЗИТЬ,V ipf praes sg indic - 2p,,,"рычагами , то есть _тормозишь_ не педальками назад",ь,ш,и,з,о,м,V,ТОРМОЗИТЬ,V ipf praes sg indic - 2p,Ь
15750,,не,НЕ,PART,,,", то есть тормозишь _не_ педальками назад ,",е,н,,,,,PART,НЕ,PART,Е
15751,,педальками,ПЕДАЛЬКА,S f inan ins pl,,,"то есть тормозишь не _педальками_ назад , а",и,м,а,к,ь,л,S,ПЕДАЛЬКА,S f inan ins pl,А
15752,,назад,НАЗАД,ADV -,,,"тормозишь не педальками _назад_ , а жмешь",д,а,з,а,н,,ADV,НАЗАД,ADV -,Д
15753,,",",",",PUNCT,,,,,,,,,,PUNCT,,,
15754,,а,А,CONJ,,,"педальками назад , _а_ жмешь рычаг .",а,,,,,,CONJ,А,CONJ,А
15755,,жмешь,ЖАТЬ,V ipf praes sg indic - 2p,,,"назад , а _жмешь_ рычаг . ",ь,ш,е,м,ж,,V,ЖАТЬ,V ipf praes sg indic - 2p,Ь
15756,,рычаг,РЫЧАГ,S m inan acc sg,,,", а жмешь _рычаг_ .  ",г,а,ч,ы,р,,S,РЫЧАГ,S m inan acc sg,Г
15757,,.,.,PUNCT,,,,,,,,,,PUNCT,,,
15758,,,,,,,,,,,,,,,,,
15759,# sent = 1173,,,,,,,,,,,,,,,,
15760,,Правый,ПРАВЫЙ,A - nom sg plen m inan,,,.   _Правый_ это передний тормоз,й,ы,в,а,р,п,A,ПРАВЫЙ,A - nom sg plen m -,Й
15761,,это,ЭТО,PART,,,"  Правый _это_ передний тормоз ,",о,т,э,,,,SPRO,ЭТО,S n - nom sg,О
15762,,передний,ПЕРЕДНИЙ,A - nom sg plen m inan,,," Правый это _передний_ тормоз , а",й,и,н,д,е,р,A,ПЕРЕДНИЙ,A - nom sg plen m -,Й
15763,,тормоз,ТОРМОЗ,S m inan nom sg,,,"Правый это передний _тормоз_ , а левый",з,о,м,р,о,т,S,ТОРМОЗ,S m inan nom sg,З
15764,,",",",",PUNCT,,,,,,,,,,PUNCT,,,
15765,,а,А,CONJ,,,"передний тормоз , _а_ левый это задний",а,,,,,,CONJ,А,CONJ,А
15766,,левый,ЛЕВЫЙ,A - nom sg plen m inan,,,"тормоз , а _левый_ это задний тормоз",й,ы,в,е,л,,A,ЛЕВЫЙ,A - nom sg plen m -,Й
15767,,это,ЭТО,PART,,,", а левый _это_ задний тормоз ,",о,т,э,,,,SPRO,ЭТО,S n - nom sg,О
15768,,задний,ЗАДНИЙ,A - nom sg plen m inan,,,"а левый это _задний_ тормоз , ну",й,и,н,д,а,з,A,ЗАДНИЙ,A - nom sg plen m -,Й
15769,,тормоз,ТОРМОЗ,S m inan nom sg,,,"левый это задний _тормоз_ , ну это",з,о,м,р,о,т,S,ТОРМОЗ,S m inan nom sg,З
15770,,",",",",PUNCT,,,,,,,,,,PUNCT,,,
15771,,ну,НУ,PART,,,"задний тормоз , _ну_ это я потом",у,н,,,,,PART,НУ,PART,У
15772,,это,ЭТО,SPRO n - acc sg,,,"тормоз , ну _это_ я потом уже",о,т,э,,,,SPRO,ЭТО,S n - nom sg,О
15773,,я,Я,SPRO sg 1p - nom,,,", ну это _я_ потом уже в",я,,,,,,SPRO,Я,SPRO sg 1p - nom,Я
15774,,потом,ПОТОМ,ADV -,,,ну это я _потом_ уже в конце,м,о,т,о,п,,ADV,ПОТОМ,ADV -,М
15775,,уже,УЖЕ,ADV -,,,это я потом _уже_ в конце выучила,е,ж,у,,,,ADV,УЖЕ,ADV -,Е
15776,,в,В,PR,,,я потом уже _в_ конце выучила .,в,,,,,,PR,В,PR,В
15777,,конце,КОНЕЦ,S m inan loc sg,,,потом уже в _конце_ выучила . ,е,ц,н,о,к,,S,КОНЕЦ,S m inan loc sg,Ц
15778,,выучила,ВЫУЧИТЬ,V pf praet sg indic f -,,,уже в конце _выучила_ .  ,а,л,и,ч,у,ы,V,ВЫУЧИТЬ,V pf praet sg indic f -,Ь
15779,,.,.,PUNCT,,,,,,,,,,PUNCT,,,
15780,,,,,,,,,,,,,,,,,
15781,# sent = 1174,,,,,,,,,,,,,,,,
15782,,А,А,CONJ,,,.   _А_ когда мне его,а,,,,,,CONJ,А,CONJ,А
15783,,когда,КОГДА,CONJ,,,  А _когда_ мне его только,а,д,г,о,к,,CONJ,КОГДА,CONJ,А
15784,,мне,Я,SPRO sg 1p - dat,,, А когда _мне_ его только купили,е,н,м,,,,SPRO,Я,SPRO sg 1p - dat,Я
15785,,его,ОН,SPRO sg 3p m acc,,,"А когда мне _его_ только купили ,",о,г,е,,,,SPRO,ОН,SPRO sg 3p m acc,Н
15786,,только,ТОЛЬКО,PART,,,"когда мне его _только_ купили , я",о,к,ь,л,о,т,PART,ТОЛЬКО,PART,О
15787,,купили,КУПИТЬ,V pf praet pl indic - -,,,"мне его только _купили_ , я знала",и,л,и,п,у,к,V,КУПИТЬ,V pf praet pl indic - -,Ь
15788,,",",",",PUNCT,,,,,,,,,,PUNCT,,,
15789,,я,Я,SPRO sg 1p - nom,,,"только купили , _я_ знала , что",я,,,,,,SPRO,Я,SPRO sg 1p - nom,Я
15790,,знала,ЗНАТЬ,V ipf praet sg indic f -,,,"купили , я _знала_ , что надо",а,л,а,н,з,,V,ЗНАТЬ,V ipf praet sg indic f -,Ь
15791,,",",",",PUNCT,,,,,,,,,,PUNCT,,,
15792,,что,ЧТО,CONJ,,,"я знала , _что_ надо куда-то жать",о,т,ч,,,,CONJ,ЧТО,CONJ,О
15793,,надо,НАДО,PRAEDIC,,,"знала , что _надо_ куда-то жать и",о,д,а,н,,,PRAEDIC,НАДО,ADV -,О
15794,,куда-то,КУДА-ТО,ADVPRO -,,,", что надо _куда-то_ жать и он",о,т,-,а,д,у,ADV,КУДА-ТО,ADV -,О
15795,,жать,ЖАТЬ,V ipf - - inf - -,,,что надо куда-то _жать_ и он останавливается,ь,т,а,ж,,,V,ЖАТЬ,V ipf - - inf - -,Ь
15796,,и,И,CONJ,,,надо куда-то жать _и_ он останавливается .,и,,,,,,CONJ,И,CONJ,И
15797,,он,ОН,SPRO sg 3p m nom,,,куда-то жать и _он_ останавливается . ,н,о,,,,,SPRO,ОН,SPRO sg 3p m nom,Н
15798,,останавливается,ОСТАНАВЛИВАТЬСЯ,V ipf praes sg indic - 3p,,,жать и он _останавливается_ .  ,я,с,т,е,а,в,V,ОСТАНАВЛИВАТЬСЯ,V ipf praes sg indic - 3p,Я
15799,,.,.,PUNCT,,,,,,,,,,PUNCT,,,
15800,,,,,,,,,,,,,,,,,
15801,# sent = 1175,,,,,,,,,,,,,,,,
15802,,Ии,И,CONJ,distort,,.   _Ии_ я как-то запаниковала,и,и,,,,,CONJ,ИЯ,S m anim nom sg,И
15803,,я,Я,SPRO sg 1p - nom,,,  Ии _я_ как-то запаниковала .,я,,,,,,SPRO,Я,SPRO sg 1p - nom,Я
15804,,как-то,КАК-ТО,ADVPRO -,,, Ии я _как-то_ запаниковала . ,о,т,-,к,а,к,ADV,КАК-ТО,ADV -,О
15805,,запаниковала,ЗАПАНИКОВАТЬ,V pf praet sg indic f -,,,Ии я как-то _запаниковала_ .  ,а,л,а,в,о,к,V,ЗАПАНИКОВАТЬ,V pf praet sg indic f -,Ь
15806,,.,.,PUNCT,,,,,,,,,,PUNCT,,,
15807,,,,,,,,,,,,,,,,,
15808,# sent = 1176,,,,,,,,,,,,,,,,
15809,,Я,Я,SPRO sg 1p - nom,,,".   _Я_ не помню ,",я,,,,,,SPRO,Я,SPRO sg 1p - nom,Я
15810,,не,НЕ,PART,,,"  Я _не_ помню , почему",е,н,,,,,PART,НЕ,PART,Е
15811,,помню,ПОМНИТЬ,V ipf praes sg indic - 1p,,," Я не _помню_ , почему ,",ю,н,м,о,п,,V,ПОМНИТЬ,V ipf praes sg indic - 1p,Ь
15812,,",",",",PUNCT,,,,,,,,,,PUNCT,,,
15813,,почему,ПОЧЕМУ,ADVPRO -,,,"не помню , _почему_ , но я",у,м,е,ч,о,п,ADV,ПОЧЕМУ,ADV -,У
15814,,",",",",PUNCT,,,,,,,,,,PUNCT,,,
15815,,но,НО,CONJ,,,", почему , _но_ я нажала ",о,н,,,,,CONJ,НО,CONJ,О
15816,,я,Я,SPRO sg 1p - nom,,,"почему , но _я_ нажала  токо",я,,,,,,SPRO,Я,SPRO sg 1p - nom,Я
15817,,нажала,НАЖАТЬ,V pf praet sg indic f -,,,", но я _нажала_  токо ",а,л,а,ж,а,н,V,НАЖАТЬ,V pf praet sg indic f -,Ь
15818,"<distinct form=""",,,,,,,,,,,,,,,,
15819,<dist>,токо,,,,,,,,,,,,,,,
15820,""">",,,,,,,,,,,,,,,,
15821,,только,ТОЛЬКО,PART,,, токо  _только_  один рычаг,о,к,ь,л,о,т,PART,ТОЛЬКО,PART,О
15822,</distinct>,,,,,,,,,,,,,,,,
15823,,один,ОДИН,ANUM - acc sg plen m -,,," только  _один_ рычаг , правый",н,и,д,о,,,ANUM,ОДИН,A - nom sg plen m -,Н
15824,,рычаг,РЫЧАГ,S m inan acc sg,,,"только  один _рычаг_ , правый ,",г,а,ч,ы,р,,S,РЫЧАГ,S m inan nom sg,Г
15825,,",",",",PUNCT,,,,,,,,,,PUNCT,,,
15826,,правый,ПРАВЫЙ,A - acc sg plen m inan,,,"один рычаг , _правый_ , и я",й,ы,в,а,р,п,A,ПРАВЫЙ,A - nom sg plen m -,Й
15827,,",",",",PUNCT,,,,,,,,,,PUNCT,,,
15828,,и,И,CONJ,,,", правый , _и_ я лечу вниз",и,,,,,,CONJ,И,CONJ,И
15829,,я,Я,SPRO sg 1p - nom,,,"правый , и _я_ лечу вниз ,",я,,,,,,SPRO,Я,SPRO sg 1p - nom,Я
15830,,лечу,ЛЕТЕТЬ,V ipf praes sg indic - 1p,,,", и я _лечу_ вниз , жму",у,ч,е,л,,,V,ЛЕТЕТЬ,V ipf praes sg indic - 1p,Ь
15831,,вниз,ВНИЗ,ADV -,,,"и я лечу _вниз_ , жму ,",з,и,н,в,,,ADV,ВНИЗ,ADV -,З
15832,,",",",",PUNCT,,,,,,,,,,PUNCT,,,
15833,,жму,ЖАТЬ,V ipf praes sg indic - 1p,,,"лечу вниз , _жму_ , у меня",у,м,ж,,,,V,ЖАТЬ,V ipf praes sg indic - 1p,Ь
15834,,",",",",PUNCT,,,,,,,,,,PUNCT,,,
15835,,у,У,PR,,,", жму , _у_ меня тормозит переднее",у,,,,,,PR,У,PR,У
15836,,меня,Я,SPRO sg 1p - gen,,,"жму , у _меня_ тормозит переднее колесо",я,н,е,м,,,SPRO,Я,SPRO sg 1p - acc,Я
15837,,тормозит,ТОРМОЗИТЬ,V ipf praes sg indic - 3p,,,", у меня _тормозит_ переднее колесо ,",т,и,з,о,м,р,V,ТОРМОЗИТЬ,V ipf praes sg indic - 3p,Ь
15838,,переднее,ПЕРЕДНИЙ,A - nom sg plen n inan,,,"у меня тормозит _переднее_ колесо , и",е,е,н,д,е,р,A,ПЕРЕДНИЙ,A - acc sg plen n inan,Й
15839,,колесо,КОЛЕСО,S n inan nom sg,,,"меня тормозит переднее _колесо_ , и я",о,с,е,л,о,к,S,КОЛЕСО,S n inan acc sg,О
15840,,",",",",PUNCT,,,,,,,,,,PUNCT,,,
15841,,и,И,CONJ,,,"переднее колесо , _и_ я начинаю переворачиваться",и,,,,,,CONJ,И,CONJ,И
15842,,я,Я,SPRO sg 1p - nom,,,"колесо , и _я_ начинаю переворачиваться ,",я,,,,,,SPRO,Я,SPRO sg 1p - nom,Я
15843,,начинаю,НАЧИНАТЬ,V ipf praes sg indic - 1p,,,", и я _начинаю_ переворачиваться , я",ю,а,н,и,ч,а,V,НАЧИНАТЬ,V ipf praes sg indic - 1p,Ь
15844,,переворачиваться,ПЕРЕВОРАЧИВАТЬСЯ,V ipf - - inf - -,,,"и я начинаю _переворачиваться_ , я упала",я,с,ь,т,а,в,V,ПЕРЕВЕРТЫВАТЬСЯ,V ipf - - inf - -,Я
15845,,",",",",PUNCT,,,,,,,,,,PUNCT,,,
15846,,я,Я,SPRO sg 1p - nom,,,"начинаю переворачиваться , _я_ упала , ударилась",я,,,,,,SPRO,Я,SPRO sg 1p - nom,Я
15847,,упала,УПАСТЬ,V pf praet sg indic f -,,,"переворачиваться , я _упала_ , ударилась спиной",а,л,а,п,у,,V,УПАСТЬ,V pf praet sg indic f -,Ь
15848,,",",",",PUNCT,,,,,,,,,,PUNCT,,,
15849,,ударилась,УДАРИТЬСЯ,V pf praet sg indic f -,,,"я упала , _ударилась_ спиной , головой",ь,с,а,л,и,р,V,УДАРИТЬСЯ,V pf praet sg indic f -,Я
15850,,спиной,СПИНА,S f inan ins sg,,,"упала , ударилась _спиной_ , головой ,",й,о,н,и,п,с,S,СПИНА,S f inan ins sg,А
15851,,",",",",PUNCT,,,,,,,,,,PUNCT,,,
15852,,головой,ГОЛОВА,S f inan ins sg,,,"ударилась спиной , _головой_ , у меня",й,о,в,о,л,о,S,ГОЛОВА,S f inan ins sg,А
15853,,",",",",PUNCT,,,,,,,,,,PUNCT,,,
15854,,у,У,PR,,,", головой , _у_ меня велосипед полетел",у,,,,,,PR,У,PR,У
15855,,меня,Я,SPRO sg 1p - gen,,,"головой , у _меня_ велосипед полетел ,",я,н,е,м,,,SPRO,Я,SPRO sg 1p - acc,Я
15856,,велосипед,ВЕЛОСИПЕД,S m inan nom sg,,,", у меня _велосипед_ полетел , слава",д,е,п,и,с,о,S,ВЕЛОСИПЕД,S m inan acc sg,Д
15857,,полетел,ПОЛЕТЕТЬ,V pf praet sg indic m -,,,"у меня велосипед _полетел_ , слава богу",л,е,т,е,л,о,V,ПОЛЕТЕТЬ,V pf praet sg indic m -,Ь
15858,тут я заебалась,",",",",PUNCT,,,,,,,,,,PUNCT,,,
15859,,слава,СЛАВА,S f inan nom sg,,,"велосипед полетел , _слава_ богу он попал",а,в,а,л,с,,S,СЛАВА,S f inan nom sg,А
15860,,богу,БОГ,S m anim dat sg,,,"полетел , слава _богу_ он попал в",у,г,о,б,,,S,БОГ,S m anim dat sg,Г
15861,,он,ОН,SPRO sg 3p m nom,,,", слава богу _он_ попал в кусты",н,о,,,,,SPRO,ОН,SPRO sg 3p m nom,Н
15862,,попал,ПОПАСТЬ,V pf praet sg indic m -,,,"слава богу он _попал_ в кусты ,",л,а,п,о,п,,V,ПОПАДАТЬ,V pf praet sg indic m -,Ь
15863,,в,В,PR,,,"богу он попал _в_ кусты , а",в,,,,,,PR,В,PR,В
15864,,кусты,КУСТ,S m inan acc pl,,,"он попал в _кусты_ , а не",ы,т,с,у,к,,S,КУСТ,S m inan acc pl,Т
15865,,",",",",PUNCT,,,,,,,,,,PUNCT,,,
15866,,а,А,CONJ,,,"в кусты , _а_ не в машину",а,,,,,,CONJ,А,CONJ,А
15867,,не,НЕ,PART,,,"кусты , а _не_ в машину ,",е,н,,,,,PART,НЕ,PART,Е
15868,,в,В,PR,,,", а не _в_ машину , машина",в,,,,,,PR,В,PR,В
15869,,машину,МАШИНА,S f inan acc sg,,,"а не в _машину_ , машина затормозила",у,н,и,ш,а,м,S,МАШИНА,S f inan acc sg,А
15870,,",",",",PUNCT,,,,,,,,,,PUNCT,,,
15871,,машина,МАШИНА,S f inan nom sg,,,"в машину , _машина_ затормозила , было",а,н,и,ш,а,м,S,МАШИН,S f inan nom sg,А
15872,,затормозила,ЗАТОРМОЗИТЬ,V pf praet sg indic f -,,,"машину , машина _затормозила_ , было очень",а,л,и,з,о,м,V,ЗАТОРМОЗИТЬ,V pf praet sg indic f -,Ь
15873,,",",",",PUNCT,,,,,,,,,,PUNCT,,,
15874,,было,БЫТЬ,V ipf praet sg indic n -,,,"машина затормозила , _было_ очень больно ,",о,л,ы,б,,,V,БЫТЬ,V ipf praet sg indic n -,Ь
15875,,очень,ОЧЕНЬ,ADV -,,,"затормозила , было _очень_ больно , это",ь,н,е,ч,о,,ADV,ОЧЕНЬ,ADV -,Ь
15876,,больно,БОЛЬНО,PRAEDIC -,,,", было очень _больно_ , это увидел",о,н,ь,л,о,б,ADV,БОЛЬНО,ADV -,О
15877,,",",",",PUNCT,,,,,,,,,,PUNCT,,,
15878,,это,ЭТО,SPRO n - acc sg,,,"очень больно , _это_ увидел папа из",о,т,э,,,,SPRO,ЭТО,S n - nom sg,О
15879,,увидел,УВИДЕТЬ,V pf praet sg indic m -,,,"больно , это _увидел_ папа из дома",л,е,д,и,в,у,V,УВИДЕТЬ,V pf praet sg indic m -,Ь
15880,,папа,ПАПА,S m anim nom sg,,,", это увидел _папа_ из дома ,",а,п,а,п,,,S,ПАПА,S m anim nom sg,А
15881,,из,ИЗ,PR,,,"это увидел папа _из_ дома , он",з,и,,,,,PR,ИЗ,PR,З
15882,,дома,ДОМ,"S m inan gen sg
",,,"увидел папа из _дома_ , он прибежал",а,м,о,д,,,ADV,ДОМА,ADV -,М
15883,,",",",",PUNCT,,,,,,,,,,PUNCT,,,
15884,,он,ОН,SPRO sg 3p m nom,,,"из дома , _он_ прибежал , там",н,о,,,,,SPRO,ОН,SPRO sg 3p m nom,Н
15885,,прибежал,ПРИБЕЖАТЬ,V pf praet sg indic m -,,,"дома , он _прибежал_ , там были",л,а,ж,е,б,и,V,ПРИБЕЖАТЬ,V pf praet sg indic m -,Ь
15886,,",",",",PUNCT,,,,,,,,,,PUNCT,,,
15887,,там,ТАМ,ADVPRO -,,,"он прибежал , _там_ были такие крики",м,а,т,,,,ADV,ТАМ,ADV -,М
15888,,были,БЫТЬ,V ipf praet pl indic - -,,,"прибежал , там _были_ такие крики ,",и,л,ы,б,,,V,БЫТЬ,V ipf praet pl indic - -,Ь
15889,,такие,ТАКОЙ,APRO - nom pl plen m inan,,,", там были _такие_ крики , он",е,и,к,а,т,,APRO,ТАКОЙ,A - nom pl plen - -,Й
15890,,крики,КРИК,S m inan nom pl,,,"там были такие _крики_ , он :",и,к,и,р,к,,S,КРИК,S m inan nom pl,К
15891,,",",",",PUNCT,,,,,,,,,,PUNCT,,,
15892,,он,ОН,SPRO sg 3p m nom,,,"такие крики , _он_ : АЛЁНА ТЫ",н,о,,,,,SPRO,ОН,SPRO sg 3p m nom,Н
15893,,:,:,PUNCT,,,,,,,,,,PUNCT,,,
15894,,АЛЁНА,АЛЕНА,S f anim nom sg,,,", он : _АЛЁНА_ ТЫ ВИДИШЬ ВИДИШЬ",а,н,ё,л,а,,S,АЛЕНА,S f anim nom sg,А
15895,,ТЫ,ТЫ,SPRO sg 2p - nom,,,он : АЛЁНА _ТЫ_ ВИДИШЬ ВИДИШЬ ШЕВЕЛИТЬСЯ,ы,т,,,,,SPRO,ТЫ,SPRO sg 2p - nom,Ы
15896,,ВИДИШЬ,ВИДЕТЬ,V ipf praes sg indic - 2p,,,: АЛЁНА ТЫ _ВИДИШЬ_ ВИДИШЬ ШЕВЕЛИТЬСЯ МОЖЕШЬ,ь,ш,и,д,и,в,V,ВИДЕТЬ,V ipf praes sg indic - 2p,Ь
15897,,ВИДИШЬ,ВИДЕТЬ,V ipf praes sg indic - 2p,,,АЛЁНА ТЫ ВИДИШЬ _ВИДИШЬ_ ШЕВЕЛИТЬСЯ МОЖЕШЬ ШЕВЕЛИ,ь,ш,и,д,и,в,V,ВИДЕТЬ,V ipf praes sg indic - 2p,Ь
15898,,ШЕВЕЛИТЬСЯ,ШЕВЕЛИТЬСЯ,V ipf - - inf - -,,,ТЫ ВИДИШЬ ВИДИШЬ _ШЕВЕЛИТЬСЯ_ МОЖЕШЬ ШЕВЕЛИ РУКАМИ,я,с,ь,т,и,л,V,ШЕВЕЛИТЬСЯ,V ipf - - inf - -,Я
15899,,МОЖЕШЬ,МОЧЬ,V ipf praes sg indic - 2p,,,ВИДИШЬ ВИДИШЬ ШЕВЕЛИТЬСЯ _МОЖЕШЬ_ ШЕВЕЛИ РУКАМИ НОГАМИ,ь,ш,е,ж,о,м,V,МОЧЬ,V ipf praes sg indic - 2p,Ь
15900,,ШЕВЕЛИ,ШЕВЕЛИТЬ,V ipf - sg imper - 2p,,,ВИДИШЬ ШЕВЕЛИТЬСЯ МОЖЕШЬ _ШЕВЕЛИ_ РУКАМИ НОГАМИ .,и,л,е,в,е,ш,V,ШЕВЕЛИТЬ,V ipf - sg imper - 2p,Ь
15901,,РУКАМИ,РУКА,S f inan ins pl,,,ШЕВЕЛИТЬСЯ МОЖЕШЬ ШЕВЕЛИ _РУКАМИ_ НОГАМИ . ,и,м,а,к,у,р,S,РУКА,S m anim nom sg,А
15902,,НОГАМИ,НОГА,S f inan ins pl,,,МОЖЕШЬ ШЕВЕЛИ РУКАМИ _НОГАМИ_ .  ,и,м,а,г,о,н,S,НОГА,S m anim nom sg,А
15903,,.,.,PUNCT,,,,,,,,,,PUNCT,,,
15904,,,,,,,,,,,,,,,,,
15905,# sent = 1177,,,,,,,,,,,,,,,,
15906,,Воот,ВООТ,"PART
",distort,,".   _Воот_ , ии это",т,о,о,в,,,PARENTH,ВООТ,PARENTH,Т
15907,,",",",",PUNCT,,,,,,,,,,PUNCT,,,
15908,,ии,И,CONJ,distort,," Воот , _ии_ это было очень",и,и,,,,,CONJ,И,CONJ,И
15909,,это,ЭТО,SPRO n - nom sg,,,"Воот , ии _это_ было очень страшно",о,т,э,,,,SPRO,ЭТО,S n - nom sg,О
15910,,было,БЫТЬ,V ipf praet sg indic n -,,,", ии это _было_ очень страшно ,",о,л,ы,б,,,V,БЫТЬ,V ipf praet sg indic n -,Ь
15911,,очень,ОЧЕНЬ,ADV -,,,"ии это было _очень_ страшно , но",ь,н,е,ч,о,,ADV,ОЧЕНЬ,ADV -,Ь
15912,,страшно,СТРАШНО,PRAEDIC -,,,"это было очень _страшно_ , но у",о,н,ш,а,р,т,ADV,СТРАШНО,ADV -,О
15913,,",",",",PUNCT,,,,,,,,,,PUNCT,,,
15914,,но,НО,CONJ,,,"очень страшно , _но_ у меня все",о,н,,,,,CONJ,НО,CONJ,О
15915,,у,У,PR,,,"страшно , но _у_ меня все было",у,,,,,,PR,У,PR,У
15916,,меня,Я,SPRO sg 1p - gen,,,", но у _меня_ все было хорошо",я,н,е,м,,,SPRO,Я,SPRO sg 1p - acc,Я
15917,,все,ВСЕ,SPRO - - acc pl,,,но у меня _все_ было хорошо .,е,с,в,,,,S,ВСЕ,S - - acc pl,Е
15918,,было,БЫТЬ,V ipf praet sg indic n -,,,у меня все _было_ хорошо . ,о,л,ы,б,,,V,БЫТЬ,V ipf praet sg indic n -,Ь
15919,,хорошо,ХОРОШО,PRAEDIC -,,,меня все было _хорошо_ .  ,о,ш,о,р,о,х,ADV,ХОРОШО,ADV -,О
15920,,.,.,PUNCT,,,,,,,,,,PUNCT,,,
15921,,,,,,,,,,,,,,,,,
15922,# sent = 1178,,,,,,,,,,,,,,,,
15923,,Мой,МОЙ,APRO - nom sg plen m inan,,,.   _Мой_ велосипед попал в,й,о,м,,,,APRO,МОЙ,A - nom sg plen m -,Й
15924,,велосипед,ВЕЛОСИПЕД,S m inan nom sg,,,  Мой _велосипед_ попал в какие-то,д,е,п,и,с,о,S,ВЕЛОСИПЕД,S m inan nom sg,Д
15925,,попал,ПОПАСТЬ,V pf praet sg indic m -,,, Мой велосипед _попал_ в какие-то заросли,л,а,п,о,п,,V,ПОПАДАТЬ,V pf praet sg indic m -,Ь
15926,,в,В,PR,,,"Мой велосипед попал _в_ какие-то заросли ,",в,,,,,,PR,В,PR,В
15927,,какие-то,КАКОЙ-ТО,APRO - acc pl plen - inan,,,"велосипед попал в _какие-то_ заросли , там",о,т,-,е,и,к,APRO,КАКОЙ-ТО,A - acc pl plen - inan,О
15928,,заросли,ЗАРОСЛЬ,S f inan acc pl,,,"попал в какие-то _заросли_ , там было",и,л,с,о,р,а,S,ЗАРОСЛЬ,S f inan acc pl,Ь
15929,,",",",",PUNCT,,,,,,,,,,PUNCT,,,
15930,,там,ТАМ,ADVPRO -,,,"какие-то заросли , _там_ было куча крапивы",м,а,т,,,,ADV,ТАМ,ADV -,М
15931,,было,БЫТЬ,V ipf praet sg indic n -,,,"заросли , там _было_ куча крапивы ,",о,л,ы,б,,,V,БЫТЬ,V ipf praet sg indic n -,Ь
15932,,куча,КУЧА,S f inan nom sg,,,", там было _куча_ крапивы , мусора",а,ч,у,к,,,S,КУЧА,S f inan nom sg,А
15933,,крапивы,КРАПИВА,S f inan gen sg,,,"там было куча _крапивы_ , мусора ,",ы,в,и,п,а,р,S,КРАПИВА,S f inan gen sg,А
15934,,",",",",PUNCT,,,,,,,,,,PUNCT,,,
15935,,мусора,МУСОР,S m inan gen sg,,,"куча крапивы , _мусора_ , битое стекло",а,р,о,с,у,м,S,МУСОР,S m inan gen sg,Р
15936,,",",",",PUNCT,,,,,,,,,,PUNCT,,,
15937,,битое,БИТЫЙ,A - nom sg plen n inan,,,", мусора , _битое_ стекло . ",е,о,т,и,б,,A,БИТЫЙ,A - acc sg plen n -,Й
15938,,стекло,СТЕКЛО,S n inan acc sg,,,"мусора , битое _стекло_ .  ",о,л,к,е,т,с,S,СТЕКЛО,S n inan acc sg,О
15939,,.,.,PUNCT,,,,,,,,,,PUNCT,,,
15940,,,,,,,,,,,,,,,,,
15941,# sent = 1179,,,,,,,,,,,,,,,,
15942,,Мы,МЫ,SPRO pl 1p - nom,,,.   _Мы_ пока его доставали,ы,м,,,,,SPRO,МЫ,SPRO pl 1p - nom,Ы
15943,,пока,ПОКА,ADV -,,,"  Мы _пока_ его доставали ,",а,к,о,п,,,ADV,ПОКА,ADV -,А
15944,,его,ОН,SPRO sg 3p m acc,,," Мы пока _его_ доставали , не",о,г,е,,,,SPRO,ОН,SPRO sg 3p m acc,Н
15945,,доставали,ДОСТАВАТЬ,V ipf praet pl indic - -,,,"Мы пока его _доставали_ , не ",и,л,а,в,а,т,V,ДОСТАВАТЬ,V ipf praet pl indic - -,Ь
15946,,",",",",PUNCT,,,,,,,,,,PUNCT,,,
15947,,не,НЕ,PART,,,"его доставали , _не_  знай ",е,н,,,,,PART,НЕ,PART,Е
15948,"<distinct form=""",,,,,,,,,,,,,,,,
15949,<dist>,знай,,,,,,,,,,,,,,,
15950,""">",,,,,,,,,,,,,,,,
15951,,знаю,ЗНАТЬ,V ipf praes sg indic - 1p,,," знай  _знаю_  , мне",ю,а,н,з,,,V,ЗНАТЬ,V ipf praes sg indic - 1p,Ь
15952,</distinct>,,,,,,,,,,,,,,,,
15953,,",",",",PUNCT,,,,,,,,,,PUNCT,,,
15954,,мне,Я,SPRO sg 1p - dat,,,"знаю  , _мне_ кажется , было",е,н,м,,,,SPRO,Я,SPRO sg 1p - dat,Я
15955,,кажется,КАЖЕТСЯ,ADV -,,," , мне _кажется_ , было шансов",я,с,т,е,ж,а,ADV,КАЖЕТСЯ,ADV -,Я
15956,,",",",",PUNCT,,,,,,,,,,PUNCT,,,
15957,,было,БЫТЬ,V ipf praet sg indic n -,,,"мне кажется , _было_ шансов травмироваться куда",о,л,ы,б,,,V,БЫТЬ,V ipf praet sg indic n -,Ь
15958,,шансов,ШАНС,S m inan gen pl,,,"кажется , было _шансов_ травмироваться куда как",в,о,с,н,а,ш,S,ШАНС,S m inan gen pl,С
15959,,травмироваться,ТРАВМИРОВАТЬСЯ,V pf - - inf - -,,,", было шансов _травмироваться_ куда как больше",я,с,ь,т,а,в,V,ТРАВМИРОВАТЬСЯ,V pf - - inf - -,Я
15960,,куда,КУДА,ADV -,,,"было шансов травмироваться _куда_ как больше ,",а,д,у,к,,,ADV,КУДА,ADV -,А
15961,,как,КАК,CONJ,,,"шансов травмироваться куда _как_ больше , если",к,а,к,,,,CONJ,КАК,CONJ,К
15962,,больше,МНОГО,ADV comp,,,"травмироваться куда как _больше_ , если упасть",е,ш,ь,л,о,б,ADV,МНОГО,ADV comp,О
15963,,",",",",PUNCT,,,,,,,,,,PUNCT,,,
15964,,если,ЕСЛИ,CONJ,,,"как больше , _если_ упасть с самого",и,л,с,е,,,CONJ,ЕСЛИ,CONJ,И
15965,,упасть,УПАСТЬ,V pf - - inf - -,,,"больше , если _упасть_ с самого велосипеда",ь,т,с,а,п,у,V,УПАСТЬ,V pf - - inf - -,Ь
15966,,с,С,PR,,,", если упасть _с_ самого велосипеда .",с,,,,,,PR,С,PR,С
15967,,самого,САМЫЙ,A - gen sg plen m inan,,,если упасть с _самого_ велосипеда . ,о,г,о,м,а,с,A,САМЫЙ,A - gen sg plen m -,Й
15968,,велосипеда,ВЕЛОСИПЕД,S m inan gen sg,,,упасть с самого _велосипеда_ .  ,а,д,е,п,и,с,S,ВЕЛОСИПЕД,S m inan gen sg,Д
15969,,.,.,PUNCT,,,,,,,,,,PUNCT,,,
15970,,,,,,,,,,,,,,,,,
15971,# sent = 1180,,,,,,,,,,,,,,,,
15972,# speaker = Алена,,,,,,,,,,,,,,,,
15973,# sent = 1181,,,,,,,,,,,,,,,,
15974,,Вот,ВОТ,PART,,,"   _Вот_ , но на",т,о,в,,,,PART,ВОТ,PART,Т
15975,,",",",",PUNCT,,,,,,,,,,PUNCT,,,
15976,,но,НО,CONJ,,," Вот , _но_ на этом мои",о,н,,,,,CONJ,НО,CONJ,О
15977,,на,НА,PR,,,"Вот , но _на_ этом мои летние",а,н,,,,,PR,НА,PR,А
15978,,этом,ЭТО,SPRO n - loc sg,,,", но на _этом_ мои летние приключения",м,о,т,э,,,SPRO,ЭТОТ,A - loc sg plen m -,О
15979,,мои,МОЙ,APRO - nom pl plen n inan,,,но на этом _мои_ летние приключения как бы,и,о,м,,,,APRO,МОЙ,A - nom pl plen - -,Й
15980,,летние,ЛЕТНИЙ,A - nom pl plen n inan,,,на этом мои _летние_ приключения как бы не,е,и,н,т,е,л,A,ЛЕТНИЙ,A - nom pl plen - -,Й
15981,,приключения,ПРИКЛЮЧЕНИЕ,S n inan nom pl,,,этом мои летние _приключения_ как бы не заканчивались,я,и,н,е,ч,ю,S,ПРИКЛЮЧЕНИЕ,S n inan nom pl,Е
15982,,как бы,как бы,PART,,,"мои летние приключения _как бы_ не заканчивались ,",ы,б, ,к,а,к,PART,как бы,ADV -,ы
15983,,не,НЕ,PART,,,"летние приключения как бы _не_ заканчивались , вот",е,н,,,,,PART,НЕ,PART,Е
15984,,заканчивались,ЗАКАНЧИВАТЬСЯ,V ipf praet pl indic - -,,,"приключения как бы не _заканчивались_ , вот я",ь,с,и,л,а,в,V,ЗАКАНЧИВАТЬСЯ,V ipf praet pl indic - -,Я
15985,,",",",",PUNCT,,,,,,,,,,PUNCT,,,
15986,,вот,ВОТ,PART,,,"не заканчивались , _вот_ я научилась кататься",т,о,в,,,,PART,ВОТ,PART,Т
15987,,я,Я,SPRO sg 1p - nom,,,"заканчивались , вот _я_ научилась кататься ,",я,,,,,,SPRO,Я,SPRO sg 1p - nom,Я
15988,,научилась,НАУЧИТЬСЯ,V pf praet sg indic f -,,,", вот я _научилась_ кататься , мы",ь,с,а,л,и,ч,V,НАУЧИТЬСЯ,V pf praet sg indic f -,Я
15989,,кататься,КАТАТЬСЯ,V ipf - - inf - -,,,"вот я научилась _кататься_ , мы ездили",я,с,ь,т,а,т,V,КАТАТЬСЯ,V ipf - - inf - -,Я
15990,,",",",",PUNCT,,,,,,,,,,PUNCT,,,
15991,,мы,МЫ,SPRO pl 1p - nom,,,"научилась кататься , _мы_ ездили вместе с",ы,м,,,,,SPRO,МЫ,SPRO pl 1p - nom,Ы
15992,,ездили,ЕЗДИТЬ,V ipf praet pl indic - -,,,"кататься , мы _ездили_ вместе с мальчиками",и,л,и,д,з,е,V,ЕЗДИТЬ,V ipf praet pl indic - -,Ь
15993,,вместе,ВМЕСТЕ,ADV -,,,", мы ездили _вместе_ с мальчиками всегда",е,т,с,е,м,в,ADV,ВМЕСТЕ,ADV -,Е
15994,,с,С,PR,,,"мы ездили вместе _с_ мальчиками всегда ,",с,,,,,,PR,С,PR,С
15995,,мальчиками,МАЛЬЧИК,S m anim ins pl,,,"ездили вместе с _мальчиками_ всегда , они",и,м,а,к,и,ч,S,МАЛЬЧИК,S m anim ins pl,К
15996,,всегда,ВСЕГДА,ADV -,,,"вместе с мальчиками _всегда_ , они ездили",а,д,г,е,с,в,ADV,ВСЕГДА,ADV -,А
15997,,",",",",PUNCT,,,,,,,,,,PUNCT,,,
15998,,они,ОНИ,SPRO pl 3p m nom,,,"мальчиками всегда , _они_ ездили в лес",и,н,о,,,,SPRO,ОНИ,SPRO pl - - nom,И
15999,,ездили,ЕЗДИТЬ,V ipf praet pl indic - -,,,"всегда , они _ездили_ в лес ,",и,л,и,д,з,е,V,ЕЗДИТЬ,V ipf praet pl indic - -,Ь
16000,,в,В,PR,,,", они ездили _в_ лес , в",в,,,,,,PR,В,PR,В
16001,,лес,ЛЕС,S m inan acc sg,,,"они ездили в _лес_ , в поле",с,е,л,,,,S,ЛЕС,S m inan acc sg,С
16002,,",",",",PUNCT,,,,,,,,,,PUNCT,,,
16003,,в,В,PR,,,"в лес , _в_ поле , на",в,,,,,,PR,В,PR,В
16004,,поле,ПОЛЕ,S n inan loc sg,,,"лес , в _поле_ , на рыбалку",е,л,о,п,,,S,ПОЛЕ,S n inan loc sg,Е
16005,,",",",",PUNCT,,,,,,,,,,PUNCT,,,
16006,,на,НА,PR,,,"в поле , _на_ рыбалку , мы",а,н,,,,,PR,НА,PR,А
16007,,рыбалку,РЫБАЛКА,S f inan acc sg,,,"поле , на _рыбалку_ , мы ездили",у,к,л,а,б,ы,S,РЫБАЛКА,S f inan acc sg,А
16008,,",",",",PUNCT,,,,,,,,,,PUNCT,,,
16009,,мы,МЫ,SPRO pl 1p - nom,,,"на рыбалку , _мы_ ездили на поле",ы,м,,,,,SPRO,МЫ,SPRO pl 1p - nom,Ы
16010,,ездили,ЕЗДИТЬ,V ipf praet pl indic - -,,,"рыбалку , мы _ездили_ на поле играть",и,л,и,д,з,е,V,ЕЗДИТЬ,V ipf praet pl indic - -,Ь
16011,,на,НА,PR,,,", мы ездили _на_ поле играть в",а,н,,,,,PR,НА,PR,А
16012,,поле,ПОЛЕ,S n inan loc sg,,,мы ездили на _поле_ играть в прятки,е,л,о,п,,,S,ПОЛЕ,S n inan loc sg,Е
16013,,играть,ИГРАТЬ,V ipf - - inf - -,,,ездили на поле _играть_ в прятки .,ь,т,а,р,г,и,V,ИГРАТЬ,V ipf - - inf - -,Ь
16014,,в,В,PR,,,на поле играть _в_ прятки . ,в,,,,,,PR,В,PR,В
16015,,прятки,ПРЯТКИ,S - inan acc pl,,,поле играть в _прятки_ .  ,и,к,т,я,р,п,S,ПРЯТКИ,S - inan acc pl,И
16016,,.,.,PUNCT,,,,,,,,,,PUNCT,,,
16017,,,,,,,,,,,,,,,,,
16018,# sent = 1182,,,,,,,,,,,,,,,,
16019,,Это,ЭТО,SPRO n - nom sg,,,.   _Это_ когда ты сидишь,о,т,э,,,,SPRO,ЭТО,S n - nom sg,О
16020,,когда,КОГДА,CONJ,,,  Это _когда_ ты сидишь в,а,д,г,о,к,,CONJ,КОГДА,CONJ,А
16021,,ты,ТЫ,SPRO sg 2p - nom,,, Это когда _ты_ сидишь в траве,ы,т,,,,,SPRO,ТЫ,SPRO sg 2p - nom,Ы
16022,,сидишь,СИДЕТЬ,V ipf praes sg indic - 2p,,,"Это когда ты _сидишь_ в траве ,",ь,ш,и,д,и,с,V,СИДЕТЬ,V ipf praes sg indic - 2p,Ь
16023,,в,В,PR,,,"когда ты сидишь _в_ траве , в",в,,,,,,PR,В,PR,В
16024,,траве,ТРАВА,S f inan loc sg,,,"ты сидишь в _траве_ , в пшенице",е,в,а,р,т,,S,ТРАВА,S f inan loc sg,А
16025,,",",",",PUNCT,,,,,,,,,,PUNCT,,,
16026,,в,В,PR,,,"в траве , _в_ пшенице , и",в,,,,,,PR,В,PR,В
16027,,пшенице,ПШЕНИЦА,S f inan loc sg,,,"траве , в _пшенице_ , и тебя",е,ц,и,н,е,ш,S,ПШЕНИЦА,S f inan loc sg,А
16028,,",",",",PUNCT,,,,,,,,,,PUNCT,,,
16029,,и,И,CONJ,,,"в пшенице , _и_ тебя не видно",и,,,,,,CONJ,И,CONJ,И
16030,,тебя,ТЫ,SPRO sg 2p - gen,,,"пшенице , и _тебя_ не видно и",я,б,е,т,,,SPRO,ТЫ,SPRO sg 2p - acc,Ы
16031,,не,НЕ,PART,,,", и тебя _не_ видно и кажется",е,н,,,,,PART,НЕ,PART,Е
16032,,видно,ВИДНО,ADV -,,,"и тебя не _видно_ и кажется ,",о,н,д,и,в,,ADV,ВИДНО,ADV -,О
16033,,и,И,CONJ,,,"тебя не видно _и_ кажется , что",и,,,,,,CONJ,И,CONJ,И
16034,,кажется,КАЗАТЬСЯ,V ipf praes sg indic - 3p,,,"не видно и _кажется_ , что тебя",я,с,т,е,ж,а,ADV,КАЖЕТСЯ,ADV -,Я
16035,,",",",",PUNCT,,,,,,,,,,PUNCT,,,
16036,,что,ЧТО,CONJ,,,"и кажется , _что_ тебя вообще невозможно",о,т,ч,,,,CONJ,ЧТО,CONJ,О
16037,,тебя,ТЫ,SPRO sg 2p - acc,,,"кажется , что _тебя_ вообще невозможно найти",я,б,е,т,,,SPRO,ТЫ,SPRO sg 2p - acc,Ы
16038,,вообще,ВООБЩЕ,ADV -,,,", что тебя _вообще_ невозможно найти ,",е,щ,б,о,о,в,ADV,ВООБЩЕ,ADV -,Е
16039,,невозможно,НЕВОЗМОЖНО,PRAEDIC -,,,"что тебя вообще _невозможно_ найти , но",о,н,ж,о,м,з,ADV,НЕВОЗМОЖНО,ADV -,О
16040,,найти,НАЙТИ,V pf - - inf - -,,,"тебя вообще невозможно _найти_ , но тем не менее",и,т,й,а,н,,V,НАЙТИ,V pf - - inf - -,И
16041,,",",",",PUNCT,,,,,,,,,,PUNCT,,,
16042,,но,НО,CONJ,,,"невозможно найти , _но_ тем не менее там были",о,н,,,,,CONJ,НО,CONJ,О
16043,,тем не менее,тем не менее,ADV -,,,"найти , но _тем не менее_ там были очень",е,е,н,е,м, ,ADV,тем не менее,ADV -,е
16044,,там,ТАМ,ADVPRO -,,,", но тем не менее _там_ были очень высокие",м,а,т,,,,ADV,ТАМ,ADV -,М
16045,,были,БЫТЬ,V ipf praet pl indic - -,,,но тем не менее там _были_ очень высокие мальчики,и,л,ы,б,,,V,БЫТЬ,V ipf praet pl indic - -,Ь
16046,,очень,ОЧЕНЬ,ADV -,,,тем не менее там были _очень_ высокие мальчики и,ь,н,е,ч,о,,ADV,ОЧЕНЬ,ADV -,Ь
16047,,высокие,ВЫСОКИЙ,A - nom pl plen m anim,,,там были очень _высокие_ мальчики и меня,е,и,к,о,с,ы,A,ВЫСОКИЙ,A - nom pl plen - -,Й
16048,,мальчики,МАЛЬЧИК,S m anim nom pl,,,были очень высокие _мальчики_ и меня всегда,и,к,и,ч,ь,л,S,МАЛЬЧИК,S m anim nom pl,К
16049,,и,И,CONJ,,,очень высокие мальчики _и_ меня всегда находили,и,,,,,,CONJ,И,CONJ,И
16050,,меня,Я,SPRO sg 1p - acc,,,высокие мальчики и _меня_ всегда находили .,я,н,е,м,,,SPRO,Я,SPRO sg 1p - acc,Я
16051,,всегда,ВСЕГДА,ADVPRO -,,,мальчики и меня _всегда_ находили . ,а,д,г,е,с,в,ADV,ВСЕГДА,ADV -,А
16052,,находили,НАХОДИТЬ,V ipf praet pl indic - -,,,и меня всегда _находили_ .  ,и,л,и,д,о,х,V,НАХОДИТЬ,V ipf praet pl indic - -,Ь
16053,,.,.,PUNCT,,,,,,,,,,PUNCT,,,
16054,,,,,,,,,,,,,,,,,
16055,# sent = 1183,,,,,,,,,,,,,,,,
16056,,Я,Я,SPRO sg 1p - nom,,,".   _Я_ думаю , что",я,,,,,,SPRO,Я,SPRO sg 1p - nom,Я
16057,,думаю,ДУМАТЬ,V ipf praes sg indic - 1p,,,"  Я _думаю_ , что самый",ю,а,м,у,д,,V,ДУМАТЬ,V ipf praes sg indic - 1p,Ь
16058,,",",",",PUNCT,,,,,,,,,,PUNCT,,,
16059,,что,ЧТО,CONJ,,,"Я думаю , _что_ самый экстремальный вид",о,т,ч,,,,CONJ,ЧТО,CONJ,О
16060,,самый,САМЫЙ,APRO - nom sg plen m inan,,,"думаю , что _самый_ экстремальный вид игр",й,ы,м,а,с,,A,САМЫЙ,A - nom sg plen m -,Й
16061,,экстремальный,ЭКСТРЕМАЛЬНЫЙ,A - nom sg plen m inan,,,", что самый _экстремальный_ вид игр у",й,ы,н,ь,л,а,A,ЭКСТРЕМАЛЬНЫЙ,A - nom sg plen m -,Й
16062,,вид,ВИД,S m inan nom sg,,,что самый экстремальный _вид_ игр у нас,д,и,в,,,,S,ВИД,S m inan nom sg,Д
16063,,игр,ИГРА,S f inan gen pl,,,самый экстремальный вид _игр_ у нас был,р,г,и,,,,S,ИГРА,S f inan gen pl,А
16064,,у,У,PR,,,экстремальный вид игр _у_ нас был догонялки,у,,,,,,PR,У,PR,У
16065,,нас,МЫ,SPRO pl 1p - gen,,,вид игр у _нас_ был догонялки на,с,а,н,,,,SPRO,МЫ,SPRO pl 1p - loc,Ы
16066,,был,БЫТЬ,V ipf praet sg indic m -,,,игр у нас _был_ догонялки на велосипедэ,л,ы,б,,,,V,БЫТЬ,V ipf praet sg indic m -,Ь
16067,,догонялки,ДОГОНЯЛКИ,S - inan acc pl,,,у нас был _догонялки_ на велосипедэ -,и,к,л,я,н,о,S,ДОГОНЯЛКИ,S - inan acc pl,И
16068,,на,НА,PR,,,нас был догонялки _на_ велосипедэ - на,а,н,,,,,PR,НА,PR,А
16069,,велосипедэ,ВЕЛОСИПЕД,S m inan loc sg distort,,,был догонялки на _велосипедэ_ - на велосипеде,э,д,е,п,и,с,S,ВЕЛОСИПЕД,S m inan loc sg distort,Д
16070,,-,-,PUNCT,,,,,,,,,,PUNCT,,,
16071,,на,НА,PR,,,на велосипедэ - _на_ велосипеде . ,а,н,,,,,PR,НА,PR,А
16072,,велосипеде,ВЕЛОСИПЕД,S m inan loc sg,,,велосипедэ - на _велосипеде_ .  ,е,д,е,п,и,с,S,ВЕЛОСИПЕД,S m inan loc sg,Д
16073,,.,.,PUNCT,,,,,,,,,,PUNCT,,,
16074,,,,,,,,,,,,,,,,,
16075,# sent = 1184,,,,,,,,,,,,,,,,
16076,,То есть,То есть,CONJ,,,.   _То есть_ это когда ты,ь,т,с,е, ,о,CONJ,То есть,ADV -,ь
16077,,это,ЭТО,SPRO n - nom sg,,,  То есть _это_ когда ты едешь,о,т,э,,,,SPRO,ЭТО,S n - nom sg,О
16078,,когда,КОГДА,CONJ,,," То есть это _когда_ ты едешь ,",а,д,г,о,к,,CONJ,КОГДА,CONJ,А
16079,,ты,ТЫ,SPRO sg 2p - nom,,,"То есть это когда _ты_ едешь , ты",ы,т,,,,,SPRO,ТЫ,SPRO sg 2p - nom,Ы
16080,,едешь,ЕХАТЬ,V ipf praes sg indic - 2p,,,"это когда ты _едешь_ , ты отпускаешь",ь,ш,е,д,е,,V,ЕХАТЬ,V ipf praes sg indic - 2p,Ь
16081,,",",",",PUNCT,,,,,,,,,,PUNCT,,,
16082,,ты,ТЫ,SPRO sg 2p - nom,,,"ты едешь , _ты_ отпускаешь одну руку",ы,т,,,,,SPRO,ТЫ,SPRO sg 2p - nom,Ы
16083,,отпускаешь,ОТПУСКАТЬ,V ipf praes sg indic - 2p,,,"едешь , ты _отпускаешь_ одну руку от",ь,ш,е,а,к,с,V,ОТПУСКАТЬ,V ipf praes sg indic - 2p,Ь
16084,,одну,ОДИН,ANUM - acc sg plen f -,,,", ты отпускаешь _одну_ руку от руля",у,н,д,о,,,ANUM,ОДИН,A - acc sg plen f -,Н
16085,,руку,РУКА,S f inan acc sg,,,ты отпускаешь одну _руку_ от руля и,у,к,у,р,,,S,РУКА,S f inan acc sg,А
16086,,от,ОТ,PR,,,отпускаешь одну руку _от_ руля и пытаешься,т,о,,,,,PR,ОТ,PR,Т
16087,,руля,РУЛЬ,S m inan gen sg,,,одну руку от _руля_ и пытаешься заляпать,я,л,у,р,,,S,РУЛЬ,S m inan gen sg,Ь
16088,,и,И,CONJ,,,руку от руля _и_ пытаешься заляпать человека,и,,,,,,CONJ,И,CONJ,И
16089,,пытаешься,ПЫТАТЬСЯ,V ipf praes sg indic - 2p,,,"от руля и _пытаешься_ заляпать человека ,",я,с,ь,ш,е,а,V,ПЫТАТЬСЯ,V ipf praes sg indic - 2p,Я
16090,,заляпать,ЗАЛЯПАТЬ,V pf - - inf - -,,,"руля и пытаешься _заляпать_ человека , который",ь,т,а,п,я,л,V,ЗАЛЯПАТЬ,V pf - - inf - -,Ь
16091,,человека,ЧЕЛОВЕК,S m anim acc sg,,,"и пытаешься заляпать _человека_ , который едет",а,к,е,в,о,л,S,ЧЕЛОВЕК,S m anim acc sg,К
16092,,",",",",PUNCT,,,,,,,,,,PUNCT,,,
16093,,который,КОТОРЫЙ,APRO - nom sg plen m inan,,,"заляпать человека , _который_ едет рядом .",й,ы,р,о,т,о,APRO,КОТОРЫЙ,A - nom sg plen m -,Й
16094,,едет,ЕХАТЬ,V ipf praes sg indic - 3p,,,"человека , который _едет_ рядом . ",т,е,д,е,,,V,ЕХАТЬ,V ipf praes sg indic - 3p,Ь
16095,,рядом,РЯДОМ,ADV -,,,", который едет _рядом_ .  ",м,о,д,я,р,,ADV,РЯДОМ,ADV -,М
16096,,.,.,PUNCT,,,,,,,,,,PUNCT,,,
16097,,,,,,,,,,,,,,,,,
16098,# sent = 1185,,,,,,,,,,,,,,,,
16099,,Я,Я,SPRO sg 1p - nom,,,.   _Я_ в этом всегда,я,,,,,,SPRO,Я,SPRO sg 1p - nom,Я
16100,,в,В,PR,,,  Я _в_ этом всегда была,в,,,,,,PR,В,PR,В
16101,,этом,ЭТО,SPRO n - loc sg,,, Я в _этом_ всегда была полный,м,о,т,э,,,SPRO,ЭТО,S n - loc sg,О
16102,,всегда,ВСЕГДА,ADVPRO -,,,Я в этом _всегда_ была полный ноль,а,д,г,е,с,в,ADV,ВСЕГДА,ADV -,А
16103,,была,БЫТЬ,V ipf praet sg indic f -,,,"в этом всегда _была_ полный ноль ,",а,л,ы,б,,,V,БЫТЬ,V ipf praet sg indic f -,Ь
16104,,полный,ПОЛНЫЙ,A - nom sg plen m inan,,,"этом всегда была _полный_ ноль , ну",й,ы,н,л,о,п,A,ПОЛНЫЙ,A - acc sg plen m inan,Й
16105,,ноль,НОЛЬ,S m inan nom sg,,,"всегда была полный _ноль_ , ну единственное",ь,л,о,н,,,S,НОЛЬ,S m inan acc sg,Ь
16106,,",",",",PUNCT,,,,,,,,,,PUNCT,,,
16107,,ну,НУ,PART,,,"полный ноль , _ну_ единственное что я",у,н,,,,,PART,НУ,PART,У
16108,,единственное,ЕДИНСТВЕННЫЙ,A - nom sg plen n inan,,,"ноль , ну _единственное_ что я умела",е,о,н,н,е,в,A,ЕДИНСТВЕННЫЙ,A - nom sg plen n -,Й
16109,,что,ЧТО,CONJ,,,", ну единственное _что_ я умела ",о,т,ч,,,,CONJ,ЧТО,CONJ,О
16110,,я,Я,SPRO sg 1p - nom,,,ну единственное что _я_ умела  усмехается,я,,,,,,SPRO,Я,SPRO sg 1p - nom,Я
16111,,умела,УМЕТЬ,V ipf praet sg indic f -,,,единственное что я _умела_  усмехается ,а,л,е,м,у,,V,УМЕТЬ,V ipf praet sg indic f -,Ь
16112,"<span class=""note"">",,,,,,,,,,,,,,,,
16113,<note>,усмехается,,,,,,,,,,,,,,,
16114,</span>,,,,,,,,,,,,,,,,
16115,,это,ЭТО,SPRO n - nom sg,,, усмехается  _это_ вот так вот,о,т,э,,,,SPRO,ЭТО,S n - nom sg,О
16116,,вот,ВОТ,PART,,,усмехается  это _вот_ так вот схватившись,т,о,в,,,,PART,ВОТ,PART,Т
16117,,так,ТАК,ADVPRO -,,, это вот _так_ вот схватившись двумя,к,а,т,,,,ADV,ТАК,ADV -,К
16118,,вот,ВОТ,PART,,,это вот так _вот_ схватившись двумя руками,т,о,в,,,,PART,ВОТ,PART,Т
16119,,схватившись,СХВАТИТЬСЯ,V pf praet - ger - -,,,вот так вот _схватившись_ двумя руками в,ь,с,и,ш,в,и,V,СХВАТИТЬСЯ,V pf praet - ger - -,Я
16120,,двумя,ДВА,NUM ins - -,,,так вот схватившись _двумя_ руками в руль,я,м,у,в,д,,NUM,ДВА,NUM ins - -,А
16121,,руками,РУКА,S f inan ins pl,,,вот схватившись двумя _руками_ в руль быстро,и,м,а,к,у,р,S,РУКА,S f inan ins pl,А
16122,,в,В,PR,,,схватившись двумя руками _в_ руль быстро -,в,,,,,,PR,В,PR,В
16123,,руль,РУЛЬ,S m inan acc sg,,,двумя руками в _руль_ быстро - быстро,ь,л,у,р,,,S,РУЛЬ,S m inan acc sg,Ь
16124,,быстро,БЫСТРО,ADV -,,,руками в руль _быстро_ - быстро уезжать,о,р,т,с,ы,б,ADV,БЫСТРО,ADV -,О
16125,,-,-,PUNCT,,,,,,,,,,PUNCT,,,
16126,,быстро,БЫСТРО,ADV -,,,"руль быстро - _быстро_ уезжать , но",о,р,т,с,ы,б,ADV,БЫСТРО,ADV -,О
16127,,уезжать,УЕЗЖАТЬ,V ipf - - inf - -,,,"быстро - быстро _уезжать_ , но заляпать",ь,т,а,ж,з,е,V,УЕЗЖАТЬ,V ipf - - inf - -,Ь
16128,,",",",",PUNCT,,,,,,,,,,PUNCT,,,
16129,,но,НО,CONJ,,,"быстро уезжать , _но_ заляпать кого-то это",о,н,,,,,CONJ,НО,CONJ,О
16130,,заляпать,ЗАЛЯПАТЬ,V pf - - inf - -,,,"уезжать , но _заляпать_ кого-то это было",ь,т,а,п,я,л,V,ЗАЛЯПАТЬ,V pf - - inf - -,Ь
16131,,кого-то,КТО-ТО,SPRO m - acc sg,,,", но заляпать _кого-то_ это было нереально",о,т,-,о,г,о,S,КТО-ТО,S m - acc sg,О
16132,,это,ЭТО,SPRO n - nom sg,,,"но заляпать кого-то _это_ было нереально ,",о,т,э,,,,SPRO,ЭТО,S n - nom sg,О
16133,,было,БЫТЬ,V ipf praet sg indic n -,,,"заляпать кого-то это _было_ нереально , я",о,л,ы,б,,,V,БЫТЬ,V ipf praet sg indic n -,Ь
16134,,нереально,НЕРЕАЛЬНЫЙ,A - nom sg brev n inan,,,"кого-то это было _нереально_ , я как только",о,н,ь,л,а,е,A,НЕРЕАЛЬНЫЙ,A - - sg brev n -,Й
16135,,",",",",PUNCT,,,,,,,,,,PUNCT,,,
16136,,я,Я,SPRO sg 1p - nom,,,"было нереально , _я_ как только отпускала руль",я,,,,,,SPRO,Я,SPRO sg 1p - nom,Я
16137,,как только,как только,CONJ,,,"нереально , я _как только_ отпускала руль ,",о,к,ь,л,о,т,CONJ,как только,CONJ,о
16138,,отпускала,ОТПУСКАТЬ,V ipf praet sg indic f -,,,", я как только _отпускала_ руль , я",а,л,а,к,с,у,V,ОТПУСКАТЬ,V ipf praet sg indic f -,Ь
16139,,руль,РУЛЬ,S m inan acc sg,,,"я как только отпускала _руль_ , я всегда",ь,л,у,р,,,S,РУЛЬ,S m inan acc sg,Ь
16140,,",",",",PUNCT,,,,,,,,,,PUNCT,,,
16141,,я,Я,SPRO sg 1p - nom,,,"отпускала руль , _я_ всегда падала .",я,,,,,,SPRO,Я,SPRO sg 1p - nom,Я
16142,,всегда,ВСЕГДА,ADVPRO -,,,"руль , я _всегда_ падала . ",а,д,г,е,с,в,ADV,ВСЕГДА,ADV -,А
16143,,падала,ПАДАТЬ,V ipf praet sg indic f -,,,", я всегда _падала_ .  ",а,л,а,д,а,п,V,ПАДАТЬ,V ipf praet sg indic f -,Ь
16144,,.,.,PUNCT,,,,,,,,,,PUNCT,,,
16145,,,,,,,,,,,,,,,,,
16146,# sent = 1186,,,,,,,,,,,,,,,,
16147,,Ии,И,CONJ,distort,,.   _Ии_ даже когда меня,и,и,,,,,CONJ,ИЯ,S m anim nom sg,И
16148,,даже,ДАЖЕ,PART,,,  Ии _даже_ когда меня ляпали,е,ж,а,д,,,PART,ДАЖЕ,PART,Е
16149,,когда,КОГДА,CONJ,,," Ии даже _когда_ меня ляпали ,",а,д,г,о,к,,CONJ,КОГДА,CONJ,А
16150,,меня,Я,SPRO sg 1p - acc,,,"Ии даже когда _меня_ ляпали , я",я,н,е,м,,,SPRO,Я,SPRO sg 1p - acc,Я
16151,,ляпали,ЛЯПАТЬ,V ipf praet pl indic - -,,,"даже когда меня _ляпали_ , я еду",и,л,а,п,я,л,V,ЛЯПАТЬ,V ipf praet pl indic - -,Ь
16152,,",",",",PUNCT,,,,,,,,,,PUNCT,,,
16153,,я,Я,SPRO sg 1p - nom,,,"меня ляпали , _я_ еду , я",я,,,,,,SPRO,Я,SPRO sg 1p - nom,Я
16154,,еду,ЕХАТЬ,V ipf praes sg indic - 1p,,,"ляпали , я _еду_ , я держу",у,д,е,,,,V,ЕХАТЬ,V ipf praes sg indic - 1p,Ь
16155,,",",",",PUNCT,,,,,,,,,,PUNCT,,,
16156,,я,Я,SPRO sg 1p - nom,,,"я еду , _я_ держу четко баланс",я,,,,,,SPRO,Я,SPRO sg 1p - nom,Я
16157,,держу,ДЕРЖАТЬ,V ipf praes sg indic - 1p,,,"еду , я _держу_ четко баланс ,",у,ж,р,е,д,,V,ДЕРЖАТЬ,V ipf praes sg indic - 1p,Ь
16158,,четко,ЧЕТКО,ADV -,,,", я держу _четко_ баланс , я",о,к,т,е,ч,,ADV,ЧЕТКО,ADV -,О
16159,,баланс,БАЛАНС,S m inan nom sg,,,"я держу четко _баланс_ , я пытаюсь",с,н,а,л,а,б,S,БАЛАНС,S m inan nom sg,С
16160,,",",",",PUNCT,,,,,,,,,,PUNCT,,,
16161,,я,Я,SPRO sg 1p - nom,,,"четко баланс , _я_ пытаюсь не упасть",я,,,,,,SPRO,Я,SPRO sg 1p - nom,Я
16162,,пытаюсь,ПЫТАТЬСЯ,V ipf praes sg indic - 1p,,,"баланс , я _пытаюсь_ не упасть ,",ь,с,ю,а,т,ы,V,ПЫТАТЬСЯ,V ipf praes sg indic - 1p,Я
16163,,не,НЕ,PART,,,", я пытаюсь _не_ упасть , и",е,н,,,,,PART,НЕ,PART,Е
16164,,упасть,УПАСТЬ,V pf - - inf - -,,,"я пытаюсь не _упасть_ , и когда",ь,т,с,а,п,у,V,УПАСТЬ,V pf - - inf - -,Ь
16165,,",",",",PUNCT,,,,,,,,,,PUNCT,,,
16166,,и,И,CONJ,,,"не упасть , _и_ когда меня ляпают",и,,,,,,CONJ,И,CONJ,И
16167,,когда,КОГДА,CONJ,,,"упасть , и _когда_ меня ляпают ,",а,д,г,о,к,,CONJ,КОГДА,CONJ,А
16168,,меня,Я,SPRO sg 1p - acc,,,", и когда _меня_ ляпают , мне",я,н,е,м,,,SPRO,Я,SPRO sg 1p - acc,Я
16169,,ляпают,ЛЯПАТЬ,V ipf praes pl indic - 3p,,,"и когда меня _ляпают_ , мне передают",т,ю,а,п,я,л,V,ЛЯПАТЬ,V ipf praes pl indic - 3p,Ь
16170,,",",",",PUNCT,,,,,,,,,,PUNCT,,,
16171,,мне,Я,SPRO sg 1p - dat,,,"меня ляпают , _мне_ передают некий импульс",е,н,м,,,,SPRO,Я,SPRO sg 1p - dat,Я
16172,,передают,ПЕРЕДАВАТЬ,V ipf praes pl indic - 3p,,,"ляпают , мне _передают_ некий импульс ,",т,ю,а,д,е,р,V,ПЕРЕДАВАТЬ,V ipf praes pl indic - 3p,Ь
16173,,некий,НЕКИЙ,APRO - acc sg plen m inan,,,", мне передают _некий_ импульс , и",й,и,к,е,н,,APRO,НЕКИЙ,A - nom sg plen m -,Й
16174,,импульс,ИМПУЛЬС,S m inan nom sg,,,"мне передают некий _импульс_ , и я",с,ь,л,у,п,м,S,ИМПУЛЬС,S m inan nom sg,С
16175,,",",",",PUNCT,,,,,,,,,,PUNCT,,,
16176,,и,И,CONJ,,,"некий импульс , _и_ я то вправо",и,,,,,,CONJ,И,CONJ,И
16177,,я,Я,SPRO sg 1p - nom,,,"импульс , и _я_ то вправо ,",я,,,,,,SPRO,Я,SPRO sg 1p - nom,Я
16178,,то,ТО,PART,,,", и я _то_ вправо , то",о,т,,,,,PART,ТО,PART,О
16179,,вправо,ВПРАВО,ADV -,,,"и я то _вправо_ , то влево",о,в,а,р,п,в,ADV,ВПРАВО,ADV -,О
16180,,",",",",PUNCT,,,,,,,,,,PUNCT,,,
16181,,то,ТО,CONJ,,,"то вправо , _то_ влево , то",о,т,,,,,CONJ,ТО,CONJ,О
16182,,влево,ВЛЕВО,ADV -,,,"вправо , то _влево_ , то еще",о,в,е,л,в,,ADV,ВЛЕВО,ADV -,О
16183,,",",",",PUNCT,,,,,,,,,,PUNCT,,,
16184,,то,ТО,CONJ,,,"то влево , _то_ еще . ",о,т,,,,,CONJ,ТО,CONJ,О
16185,,еще,ЕЩЕ,ADV -,,,"влево , то _еще_ .  ",е,щ,е,,,,ADV,ЕЩЕ,ADV -,Е
16186,,.,.,PUNCT,,,,,,,,,,PUNCT,,,
16187,,,,,,,,,,,,,,,,,
16188,# sent = 1187,,,,,,,,,,,,,,,,
16189,# speaker = Алена,,,,,,,,,,,,,,,,
16190,# sent = 1188,,,,,,,,,,,,,,,,
16191,,И,И,CONJ,,,   _И_ я постоянно падала,и,,,,,,CONJ,И,CONJ,И
16192,,я,Я,SPRO sg 1p - nom,,,"  И _я_ постоянно падала ,",я,,,,,,SPRO,Я,SPRO sg 1p - nom,Я
16193,,постоянно,ПОСТОЯННО,ADV -,,," И я _постоянно_ падала , из-за",о,н,н,я,о,т,ADV,ПОСТОЯННО,ADV -,О
16194,,падала,ПАДАТЬ,V ipf praet sg indic f -,,,"И я постоянно _падала_ , из-за этого",а,л,а,д,а,п,V,ПАДАТЬ,V ipf praet sg indic f -,Ь
16195,,",",",",PUNCT,,,,,,,,,,PUNCT,,,
16196,,из-за,ИЗ-ЗА,PR,,,"постоянно падала , _из-за_ этого у меня",а,з,-,з,и,,PR,ИЗ-ЗА,PR,А
16197,,этого,ЭТО,SPRO n - gen sg,,,"падала , из-за _этого_ у меня все",о,г,о,т,э,,SPRO,ЭТО,S n - gen sg,О
16198,,у,У,PR,,,", из-за этого _у_ меня все детство",у,,,,,,PR,У,PR,У
16199,,меня,Я,SPRO sg 1p - gen,,,из-за этого у _меня_ все детство ноги,я,н,е,м,,,SPRO,Я,SPRO sg 1p - acc,Я
16200,,все,ВЕСЬ,APRO - acc pl plen n inan,,,этого у меня _все_ детство ноги были,е,с,в,,,,APRO,ВЕСЬ,A - acc pl plen - inan,Ь
16201,,детство,ДЕТСТВО,S n inan nom sg,,,у меня все _детство_ ноги были в,о,в,т,с,т,е,S,ДЕТСТВО,S n inan nom sg,О
16202,,ноги,НОГА,S f inan nom pl,,,меня все детство _ноги_ были в зеленке,и,г,о,н,,,S,НОГА,S f inan acc pl,А
16203,,были,БЫТЬ,V ipf praet pl indic - -,,,"все детство ноги _были_ в зеленке ,",и,л,ы,б,,,V,БЫТЬ,V ipf praet pl indic - -,Ь
16204,,в,В,PR,,,"детство ноги были _в_ зеленке , в",в,,,,,,PR,В,PR,В
16205,,зеленке,ЗЕЛЕНКА,S f inan loc sg,,,"ноги были в _зеленке_ , в йоде",е,к,н,е,л,е,S,ЗЕЛЕНКА,S f inan loc sg,А
16206,,",",",",PUNCT,,,,,,,,,,PUNCT,,,
16207,,в,В,PR,,,"в зеленке , _в_ йоде , у",в,,,,,,PR,В,PR,В
16208,,йоде,ЙОД,S m inan loc sg,,,"зеленке , в _йоде_ , у меня",е,д,о,й,,,S,ЙОД,S m inan loc sg,Д
16209,,",",",",PUNCT,,,,,,,,,,PUNCT,,,
16210,,у,У,PR,,,"в йоде , _у_ меня было очень",у,,,,,,PR,У,PR,У
16211,,меня,Я,SPRO sg 1p - gen,,,"йоде , у _меня_ было очень много",я,н,е,м,,,SPRO,Я,SPRO sg 1p - acc,Я
16212,,было,БЫТЬ,V ipf praet sg indic n -,,,", у меня _было_ очень много ран",о,л,ы,б,,,V,БЫТЬ,V ipf praet sg indic n -,Ь
16213,,очень,ОЧЕНЬ,ADV -,,,"у меня было _очень_ много ран ,",ь,н,е,ч,о,,ADV,ОЧЕНЬ,ADV -,Ь
16214,,много,МНОГО,ADV -,,,"меня было очень _много_ ран , и",о,г,о,н,м,,ADV,МНОГО,ADV -,О
16215,,ран,РАНА,S f inan gen pl,,,"было очень много _ран_ , и даже",н,а,р,,,,S,РАН,S f inan gen pl,А
16216,,",",",",PUNCT,,,,,,,,,,PUNCT,,,
16217,,и,И,CONJ,,,"много ран , _и_ даже сейчас уже",и,,,,,,CONJ,И,CONJ,И
16218,,даже,ДАЖЕ,PART,,,"ран , и _даже_ сейчас уже много",е,ж,а,д,,,PART,ДАЖЕ,PART,Е
16219,,сейчас,СЕЙЧАС,ADV -,,,", и даже _сейчас_ уже много лет",с,а,ч,й,е,с,ADV,СЕЙЧАС,ADV -,С
16220,,уже,УЖЕ,ADV -,,,и даже сейчас _уже_ много лет прошло,е,ж,у,,,,ADV,УЖЕ,ADV -,Е
16221,,много,МНОГО,ADV -,,,"даже сейчас уже _много_ лет прошло ,",о,г,о,н,м,,ADV,МНОГО,ADV -,О
16222,,лет,ГОД,S m inan gen pl,,,"сейчас уже много _лет_ прошло , и",т,е,л,,,,S,ГОД,S m inan gen pl,Д
16223,,прошло,ПРОЙТИ,V pf praet sg indic n -,,,"уже много лет _прошло_ , и эти",о,л,ш,о,р,п,A,ПРОШЛЫЙ,A - - sg brev n -,И
16224,,",",",",PUNCT,,,,,,,,,,PUNCT,,,
16225,,и,И,CONJ,,,"лет прошло , _и_ эти раны на",и,,,,,,CONJ,И,CONJ,И
16226,,эти,ЭТОТ,APRO - nom pl plen f inan,,,"прошло , и _эти_ раны на моих",и,т,э,,,,APRO,ЭТОТ,A - nom pl plen - -,Т
16227,,раны,РАНА,S f inan nom pl,,,", и эти _раны_ на моих ногах",ы,н,а,р,,,S,РАНА,S f inan nom pl,А
16228,,на,НА,PR,,,и эти раны _на_ моих ногах .,а,н,,,,,PR,НА,PR,А
16229,,моих,МОЙ,APRO - loc pl plen f inan,,,эти раны на _моих_ ногах . ,х,и,о,м,,,APRO,МОЙ,A - loc pl plen - -,Й
16230,,ногах,НОГА,S f inan loc pl,,,раны на моих _ногах_ .  ,х,а,г,о,н,,S,НОГА,S f inan loc pl,А
16231,,.,.,PUNCT,,,,,,,,,,PUNCT,,,
16232,,,,,,,,,,,,,,,,,
16233,# sent = 1189,,,,,,,,,,,,,,,,
16234,,У,У,PR,,,.   _У_ меня когда появлялись,у,,,,,,PR,У,PR,У
16235,,меня,Я,SPRO sg 1p - gen,,,  У _меня_ когда появлялись корочки,я,н,е,м,,,SPRO,Я,SPRO sg 1p - acc,Я
16236,,когда,КОГДА,CONJ,,," У меня _когда_ появлялись корочки ,",а,д,г,о,к,,CONJ,КОГДА,CONJ,А
16237,,появлялись,ПОЯВЛЯТЬСЯ,V ipf praet pl indic - -,,,"У меня когда _появлялись_ корочки , я",ь,с,и,л,я,л,V,ПОЯВЛЯТЬСЯ,V ipf praet pl indic - -,Я
16238,,корочки,КОРОЧКА,S f inan nom pl,,,"меня когда появлялись _корочки_ , я их",и,к,ч,о,р,о,S,КОРОЧКА,S f inan nom pl,А
16239,,",",",",PUNCT,,,,,,,,,,PUNCT,,,
16240,,я,Я,SPRO sg 1p - nom,,,"появлялись корочки , _я_ их всегда сковыривала",я,,,,,,SPRO,Я,SPRO sg 1p - nom,Я
16241,,их,ОНИ,SPRO pl 3p - acc,,,"корочки , я _их_ всегда сковыривала ,",х,и,,,,,SPRO,ОНИ,SPRO pl - - acc,И
16242,,всегда,ВСЕГДА,ADVPRO -,,,", я их _всегда_ сковыривала , не",а,д,г,е,с,в,ADV,ВСЕГДА,ADV -,А
16243,,сковыривала,СКОВЫРИВАТЬ,V ipf praet sg indic f -,,,"я их всегда _сковыривала_ , не могла",а,л,а,в,и,р,V,СКОВЫРИВАТЬ,V ipf praet sg indic f -,Ь
16244,,",",",",PUNCT,,,,,,,,,,PUNCT,,,
16245,,не,НЕ,PART,,,"всегда сковыривала , _не_ могла по-другому ,",е,н,,,,,PART,НЕ,PART,Е
16246,,могла,МОЧЬ,V ipf praet sg indic f -,,,"сковыривала , не _могла_ по-другому , то есть",а,л,г,о,м,,V,МОЧЬ,V ipf praet sg indic f -,Ь
16247,,по-другому,ПО-ДРУГОМУ,ADV -,,,", не могла _по-другому_ , то есть родители",у,м,о,г,у,р,ADV,ПО-ДРУГОМУ,ADV -,У
16248,,",",",",PUNCT,,,,,,,,,,PUNCT,,,
16249,,то есть,то есть,CONJ,,,"могла по-другому , _то есть_ родители всегда говорили",ь,т,с,е, ,о,CONJ,то есть,ADV -,ь
16250,,родители,РОДИТЕЛЬ,S m anim nom pl,,,"по-другому , то есть _родители_ всегда говорили «",и,л,е,т,и,д,S,РОДИТЕЛЬ,S m anim nom pl,Ь
16251,,всегда,ВСЕГДА,ADVPRO -,,,", то есть родители _всегда_ говорили « оставь",а,д,г,е,с,в,ADV,ВСЕГДА,ADV -,А
16252,,говорили,ГОВОРИТЬ,V ipf praet pl indic - -,,,"то есть родители всегда _говорили_ « оставь ,",и,л,и,р,о,в,V,ГОВОРИТЬ,V ipf praet pl indic - -,Ь
16253,,«,«,PUNCT,,,,,,,,,,PUNCT,,,
16254,,оставь,ОСТАВИТЬ,V pf - sg imper - 2p,,,"всегда говорили « _оставь_ , она сама",ь,в,а,т,с,о,V,ОСТАВИТЬ,V pf - sg imper - 2p,Ь
16255,,",",",",PUNCT,,,,,,,,,,PUNCT,,,
16256,,она,ОНА,SPRO sg 3p f nom,,,"« оставь , _она_ сама заживет »",а,н,о,,,,SPRO,ОНА,SPRO sg 3p f nom,А
16257,,сама,САМ,APRO - nom sg plen f inan,,,"оставь , она _сама_ заживет » ,",а,м,а,с,,,A,САМ,A - nom sg plen f -,М
16258,,заживет,ЗАЖИТЬ,V pf fut sg indic - 3p,,,", она сама _заживет_ » , но",т,е,в,и,ж,а,V,ЗАЖИТЬ,V pf fut sg indic - 3p,Ь
16259,,»,»,PUNCT,,,,,,,,,,PUNCT,,,
16260,,",",",",PUNCT,,,,,,,,,,PUNCT,,,
16261,,но,НО,CONJ,,,"заживет » , _но_ ручки чесались ,",о,н,,,,,CONJ,НО,CONJ,О
16262,,ручки,РУЧКА,S f inan nom pl,,,"» , но _ручки_ чесались , и",и,к,ч,у,р,,S,РУЧКА,S f inan nom pl,А
16263,,чесались,ЧЕСАТЬСЯ,V ipf praet pl indic - -,,,", но ручки _чесались_ , и поэтому",ь,с,и,л,а,с,V,ЧЕСАТЬСЯ,V ipf praet pl indic - -,Я
16264,,",",",",PUNCT,,,,,,,,,,PUNCT,,,
16265,,и,И,CONJ,,,"ручки чесались , _и_ поэтому я всегда",и,,,,,,CONJ,И,CONJ,И
16266,,поэтому,ПОЭТОМУ,ADVPRO -,,,"чесались , и _поэтому_ я всегда их",у,м,о,т,э,о,ADV,ПОЭТОМУ,ADV -,У
16267,,я,Я,SPRO sg 1p - nom,,,", и поэтому _я_ всегда их отковыривала",я,,,,,,SPRO,Я,SPRO sg 1p - nom,Я
16268,,всегда,ВСЕГДА,ADVPRO -,,,"и поэтому я _всегда_ их отковыривала ,",а,д,г,е,с,в,ADV,ВСЕГДА,ADV -,А
16269,,их,ОНИ,SPRO pl 3p - acc,,,"поэтому я всегда _их_ отковыривала , у",х,и,,,,,SPRO,ОНИ,SPRO pl - - acc,И
16270,,отковыривала,ОТКОВЫРИВАТЬ,V ipf praet sg indic f -,,,"я всегда их _отковыривала_ , у меня",а,л,а,в,и,р,V,ОТКОВЫРИВАТЬ,V ipf praet sg indic f -,Ь
16271,,",",",",PUNCT,,,,,,,,,,PUNCT,,,
16272,,у,У,PR,,,"их отковыривала , _у_ меня получались очень",у,,,,,,PR,У,PR,У
16273,,меня,Я,SPRO sg 1p - gen,,,"отковыривала , у _меня_ получались очень круп",я,н,е,м,,,SPRO,Я,SPRO sg 1p - acc,Я
16274,,получались,ПОЛУЧАТЬСЯ,V ipf praet pl indic - -,,,", у меня _получались_ очень круп -",ь,с,и,л,а,ч,V,ПОЛУЧАТЬСЯ,V ipf praet pl indic - -,Я
16275,,очень,ОЧЕНЬ,ADV -,,,у меня получались _очень_ круп - глубокие,ь,н,е,ч,о,,ADV,ОЧЕНЬ,ADV -,Ь
16276,,круп,КРУПНЫЙ,A - nom pl plen f inan,distort,,меня получались очень _круп_ - глубокие раны,п,у,р,к,,,S,КРУПА,S f inan gen pl,Й
16277,,-,-,PUNCT,,,,,,,,,,PUNCT,,,
16278,,глубокие,ГЛУБОКИЙ,A - acc pl plen - inan,,,"очень круп - _глубокие_ раны , и",е,и,к,о,б,у,A,ГЛУБОКИЙ,A - acc pl plen - inan,Й
16279,,раны,РАНА,S f inan nom pl,,,"круп - глубокие _раны_ , и даже",ы,н,а,р,,,S,РАНА,S f inan acc pl,А
16280,,",",",",PUNCT,,,,,,,,,,PUNCT,,,
16281,,и,И,CONJ,,,"глубокие раны , _и_ даже сейчас на",и,,,,,,CONJ,И,CONJ,И
16282,,даже,ДАЖЕ,PART,,,"раны , и _даже_ сейчас на ногах",е,ж,а,д,,,PART,ДАЖЕ,PART,Е
16283,,сейчас,СЕЙЧАС,ADV -,,,", и даже _сейчас_ на ногах можно",с,а,ч,й,е,с,ADV,СЕЙЧАС,ADV -,С
16284,,на,НА,PR,,,и даже сейчас _на_ ногах можно найти,а,н,,,,,PR,НА,PR,А
16285,,ногах,НОГА,S f inan loc pl,,,даже сейчас на _ногах_ можно найти такие,х,а,г,о,н,,S,НОГА,S f inan loc pl,А
16286,,можно,МОЖНО,PRAEDIC,,,сейчас на ногах _можно_ найти такие –,о,н,ж,о,м,,PRAEDIC,МОЖНО,PRAEDIC,О
16287,,найти,НАЙТИ,V pf - - inf - -,,,на ногах можно _найти_ такие – белую,и,т,й,а,н,,V,НАЙТИ,V pf - - inf - -,И
16288,,такие,ТАКОЙ,APRO - acc pl plen - inan,,,ногах можно найти _такие_ – белую рубцовую,е,и,к,а,т,,APRO,ТАКОЙ,A - acc pl plen - inan,Й
16289,,–,–,PUNCT,,,,,,,,,,PUNCT,,,
16290,,белую,БЕЛЫЙ,A - acc sg plen f inan,,,"найти такие – _белую_ рубцовую ткань ,",ю,у,л,е,б,,A,БЕЛЫЙ,A - acc sg plen f -,Й
16291,,рубцовую,РУБЦОВЫЙ,A - acc sg plen f inan,,,"такие – белую _рубцовую_ ткань , которая",ю,у,в,о,ц,б,A,РУБЦОВЫЙ,A - acc sg plen f -,Й
16292,,ткань,ТКАНЬ,S f inan acc sg,,,"– белую рубцовую _ткань_ , которая не",ь,н,а,к,т,,S,ТКАНЬ,S f inan acc sg,Ь
16293,,",",",",PUNCT,,,,,,,,,,PUNCT,,,
16294,,которая,КОТОРЫЙ,APRO - nom sg plen f inan,,,"рубцовую ткань , _которая_ не загорает ,",я,а,р,о,т,о,APRO,КОТОРЫЙ,A - nom sg plen f -,Й
16295,,не,НЕ,PART,,,"ткань , которая _не_ загорает , которая",е,н,,,,,PART,НЕ,PART,Е
16296,,загорает,ЗАГОРАТЬ,V ipf praes sg indic - 3p,,,", которая не _загорает_ , которая покрывает",т,е,а,р,о,г,V,ЗАГОРАТЬ,V ipf praes sg indic - 3p,Ь
16297,,",",",",PUNCT,,,,,,,,,,PUNCT,,,
16298,,которая,КОТОРЫЙ,APRO - nom sg plen f inan,,,"не загорает , _которая_ покрывает мои ноги",я,а,р,о,т,о,APRO,КОТОРЫЙ,A - nom sg plen f -,Й
16299,,покрывает,ПОКРЫВАТЬ,V ipf praes sg indic - 3p,,,"загорает , которая _покрывает_ мои ноги ,",т,е,а,в,ы,р,V,ПОКРЫВАТЬ,V ipf praes sg indic - 3p,Ь
16300,,мои,МОЙ,APRO - acc pl plen f inan,,,", которая покрывает _мои_ ноги , и",и,о,м,,,,APRO,МОЙ,A - nom pl plen - -,Й
16301,,ноги,НОГА,S f inan acc pl,,,"которая покрывает мои _ноги_ , и это",и,г,о,н,,,S,НОГА,S f inan nom pl,А
16302,,",",",",PUNCT,,,,,,,,,,PUNCT,,,
16303,,и,И,CONJ,,,"мои ноги , _и_ это ужасно .",и,,,,,,CONJ,И,CONJ,И
16304,,это,ЭТО,SPRO n - nom sg,,,"ноги , и _это_ ужасно . ",о,т,э,,,,SPRO,ЭТО,S n - nom sg,О
16305,,ужасно,УЖАСНЫЙ,A - - sg brev n inan,,,", и это _ужасно_ .  ",о,н,с,а,ж,у,A,УЖАСНЫЙ,A - - sg brev n -,Й
16306,,.,.,PUNCT,,,,,,,,,,PUNCT,,,